序号,起止站点,编号,通行时间,车牌号,金额（元）,该路线最低收费,与最低收费差额
1,上海临港站-上海白鹤路站,CQ26030140,2026/3/5 10:25,沪A62758D,24.92,10.03,14.89
2,上海临港站-上海金山卫站,CQ26021089,2025/11/22 2:34,沪A31087D,40.26,34.01,6.25
3,上海临港站-上海金山卫站,CQ26023852,2026/1/4 0:50,沪A31087D,36.87,34.01,2.86
4,上海临港站-上海高东站,CQ26021831,2025/12/20 17:59,沪A60619D,81.24,10.03,71.21
5,上海临港站-上海高东站,CQ26023590,2026/1/8 19:38,沪GE7293,77.18,10.03,67.15
6,上海凌海路站-上海汇源路站,CQ26022074,2025/12/13 5:18,沪A61235D,42.88,17.51,25.37
7,上海凌海路站-上海江杨北路站,CQ26024057,2025/12/29 12:50,沪A72605D,2.75,1.91,0.84
8,上海凌海路站-上海江杨北路站,CQ26022323,2025/12/8 12:33,沪A72605D,2.75,1.91,0.84
9,上海凌海路站-上海江杨北路站,CQ26023465,2026/1/10 8:16,沪A63677D,2.75,1.91,0.84
10,上海凌海路站-上海江杨北路站,CQ26030219,2026/3/2 0:28,沪A31087D,2.75,1.91,0.84
11,上海凌海路站-上海沪崇站,CQ26020844,2025/10/23 0:21,沪A61387D,10.03,1.8,8.23
12,上海凌海路站-上海沪崇站,CQ26020805,2025/10/29 18:56,沪A59069D,10.03,1.8,8.23
13,上海凌海路站-上海沪崇站,CQ26021367,2025/10/31 12:32,沪A61387D,10.03,1.8,8.23
14,上海凌海路站-上海沪崇站,CQ26021216,2025/11/11 13:29,沪A61387D,10.03,1.8,8.23
15,上海凌海路站-上海沪崇站,CQ26021207,2025/11/12 9:51,沪A82920D,10.03,1.8,8.23
16,上海凌海路站-上海沪崇站,CQ26021147,2025/11/18 9:25,沪A60619D,10.03,1.8,8.23
17,上海凌海路站-上海沪崇站,CQ26021133,2025/11/19 6:32,沪A75060D,10.03,1.8,8.23
18,上海凌海路站-上海沪崇站,CQ26021119,2025/11/20 0:13,沪A61387D,10.03,1.8,8.23
19,上海凌海路站-上海沪崇站,CQ26021118,2025/11/20 1:31,沪A82920D,10.03,1.8,8.23
20,上海凌海路站-上海沪崇站,CQ26021103,2025/11/21 10:39,沪A82920D,10.03,1.8,8.23
21,上海凌海路站-上海沪崇站,CQ26021033,2025/11/25 8:32,沪A82920D,10.03,1.8,8.23
22,上海凌海路站-上海沪崇站,CQ26020958,2025/11/28 17:12,沪A67687D,10.03,1.8,8.23
23,上海凌海路站-上海沪崇站,CQ26020970,2025/11/28 7:17,沪A82920D,10.03,1.8,8.23
24,上海凌海路站-上海沪崇站,CQ26021327,2025/11/3 17:50,沪A59069D,10.03,1.8,8.23
25,上海凌海路站-上海沪崇站,CQ26021309,2025/11/5 10:37,沪A61387D,10.03,1.8,8.23
26,上海凌海路站-上海沪崇站,CQ26021294,2025/11/6 10:46,沪A60619D,10.03,1.8,8.23
27,上海凌海路站-上海沪崇站,CQ26021289,2025/11/6 13:05,沪A61387D,10.03,1.8,8.23
28,上海凌海路站-上海沪崇站,CQ26021243,2025/11/6 6:35,沪A67687D,10.03,1.8,8.23
29,上海凌海路站-上海沪崇站,CQ26021266,2025/11/7 10:47,沪A61387D,10.03,1.8,8.23
30,上海凌海路站-上海沪崇站,CQ26021974,2025/12/17 18:17,苏E32686D,10.03,1.8,8.23
31,上海凌海路站-上海沪崇站,CQ26021996,2025/12/17 7:36,苏E32686D,10.03,1.8,8.23
32,上海凌海路站-上海沪崇站,CQ26021957,2025/12/18 6:53,沪A63677D,10.03,1.8,8.23
33,上海凌海路站-上海沪崇站,CQ26021959,2025/12/18 6:53,沪A82920D,10.03,1.8,8.23
34,上海凌海路站-上海沪崇站,CQ26021910,2025/12/19 13:01,沪A63677D,10.03,1.8,8.23
35,上海凌海路站-上海沪崇站,CQ26021901,2025/12/19 17:06,沪A69190D,10.03,1.8,8.23
36,上海凌海路站-上海沪崇站,CQ26022527,2025/12/2 17:46,沪A60619D,10.03,1.8,8.23
37,上海凌海路站-上海沪崇站,CQ26021871,2025/12/20 8:01,沪A65131D,10.03,1.8,8.23
38,上海凌海路站-上海沪崇站,CQ26021608,2025/12/22 20:33,沪A62127D,10.03,1.8,8.23
39,上海凌海路站-上海沪崇站,CQ26021693,2025/12/24 11:44,沪A61235D,10.03,1.8,8.23
40,上海凌海路站-上海沪崇站,CQ26021691,2025/12/24 13:09,沪A62975D,10.03,1.8,8.23
41,上海凌海路站-上海沪崇站,CQ26021653,2025/12/25 13:19,沪A69190D,10.03,1.8,8.23
42,上海凌海路站-上海沪崇站,CQ26021668,2025/12/25 5:30,沪A62975D,10.03,1.8,8.23
43,上海凌海路站-上海沪崇站,CQ26021479,2025/12/25 8:29,沪A82920D,10.03,1.8,8.23
44,上海凌海路站-上海沪崇站,CQ26022507,2025/12/3 14:41,沪A63677D,10.03,1.8,8.23
45,上海凌海路站-上海沪崇站,CQ26022499,2025/12/3 18:56,沪A82920D,10.03,1.8,8.23
46,上海凌海路站-上海沪崇站,CQ26024067,2025/12/30 18:56,苏E32686D,10.03,1.8,8.23
47,上海凌海路站-上海沪崇站,CQ26024040,2025/12/31 20:32,沪A61387D,10.03,1.8,8.23
48,上海凌海路站-上海沪崇站,CQ26022475,2025/12/4 14:22,沪A63677D,10.03,1.8,8.23
49,上海凌海路站-上海沪崇站,CQ26022468,2025/12/4 18:53,沪A60619D,10.03,1.8,8.23
50,上海凌海路站-上海沪崇站,CQ26022418,2025/12/6 10:25,沪A61387D,10.03,1.8,8.23
51,上海凌海路站-上海沪崇站,CQ26022411,2025/12/6 13:24,沪A72605D,10.03,1.8,8.23
52,上海凌海路站-上海沪崇站,CQ26022420,2025/12/6 7:04,沪A63677D,10.03,1.8,8.23
53,上海凌海路站-上海沪崇站,CQ26024008,2026/1/1 10:08,沪A65131D,10.03,1.8,8.23
54,上海凌海路站-上海沪崇站,CQ26023996,2026/1/1 18:04,沪A62127D,10.03,1.8,8.23
55,上海凌海路站-上海沪崇站,CQ26023501,2026/1/10 13:47,沪A72605D,10.03,1.8,8.23
56,上海凌海路站-上海沪崇站,CQ26023047,2026/1/22 11:12,沪A72605D,10.03,1.8,8.23
57,上海凌海路站-上海沪崇站,CQ26022832,2026/1/23 11:27,沪A63677D,10.03,1.8,8.23
58,上海凌海路站-上海沪崇站,CQ26022858,2026/1/26 13:14,沪A62127D,10.03,1.8,8.23
59,上海凌海路站-上海沪崇站,CQ26022853,2026/1/26 13:18,沪A69190D,10.03,1.8,8.23
60,上海凌海路站-上海沪崇站,CQ26022856,2026/1/26 13:25,沪A31501D,10.03,1.8,8.23
61,上海凌海路站-上海沪崇站,CQ26022846,2026/1/26 13:54,沪A65131D,10.03,1.8,8.23
62,上海凌海路站-上海沪崇站,CQ26022847,2026/1/26 13:54,沪A62975D,10.03,1.8,8.23
63,上海凌海路站-上海沪崇站,CQ26022843,2026/1/26 14:01,沪A67253D,10.03,1.8,8.23
64,上海凌海路站-上海沪崇站,CQ26022635,2026/1/26 14:03,沪A63677D,10.03,1.8,8.23
65,上海凌海路站-上海沪崇站,CQ26022670,2026/1/29 10:36,沪A69190D,10.03,1.8,8.23
66,上海凌海路站-上海沪崇站,CQ26023891,2026/1/3 11:22,沪A72605D,10.03,1.8,8.23
67,上海凌海路站-上海沪崇站,CQ26023639,2026/1/7 17:39,沪A65131D,10.03,1.8,8.23
68,上海凌海路站-上海沪崇站,CQ26023637,2026/1/7 18:13,沪A31087D,10.03,1.8,8.23
69,上海凌海路站-上海沪崇站,CQ26023675,2026/1/7 3:40,沪A65131D,10.03,1.8,8.23
70,上海凌海路站-上海沪崇站,CQ26023553,2026/1/9 12:28,沪A62975D,10.03,1.8,8.23
71,上海凌海路站-上海沪崇站,CQ26023561,2026/1/9 6:57,沪A82920D,10.03,1.8,8.23
72,上海凌海路站-上海沪崇站,CQ26023566,2026/1/9 7:39,沪A72605D,10.03,1.8,8.23
73,上海凌海路站-上海沪崇站,CQ26030350,2026/2/28 14:35,沪A73689D,10.03,1.8,8.23
74,上海凌海路站-上海沪崇站,CQ26030347,2026/2/28 15:58,沪A72605D,10.03,1.8,8.23
75,上海凌海路站-上海沪崇站,CQ26030349,2026/2/28 16:16,沪A67253D,10.03,1.8,8.23
76,上海凌海路站-上海沪崇站,CQ26030364,2026/2/28 5:46,沪A72605D,10.03,1.8,8.23
77,上海凌海路站-上海沪崇站,CQ26030361,2026/2/28 7:29,沪A69190D,10.03,1.8,8.23
78,上海凌海路站-上海沪崇站,CQ26030313,2026/3/1 13:20,沪A75060D,10.03,1.8,8.23
79,上海凌海路站-上海沪崇站,CQ26030311,2026/3/1 14:41,沪A63677D,10.03,1.8,8.23
80,上海凌海路站-上海沪崇站,CQ26030320,2026/3/1 4:41,沪A69190D,10.03,1.8,8.23
81,上海凌海路站-上海沪崇站,CQ26030319,2026/3/1 9:28,沪A72605D,10.03,1.8,8.23
82,上海凌海路站-上海沪崇站,CQ26030271,2026/3/2 12:03,沪A63677D,10.03,1.8,8.23
83,上海凌海路站-上海沪崇站,CQ26030278,2026/3/2 13:08,沪A73689D,10.03,1.8,8.23
84,上海凌海路站-上海沪崇站,CQ26030255,2026/3/2 22:16,沪A62975D,10.03,1.8,8.23
85,上海凌海路站-上海沪崇站,CQ26030292,2026/3/2 6:28,沪A69190D,10.03,1.8,8.23
86,上海凌海路站-上海沪崇站,CQ26030290,2026/3/2 7:07,沪A72605D,10.03,1.8,8.23
87,上海凌海路站-上海沪崇站,CQ26030215,2026/3/3 13:59,沪A72605D,10.03,1.8,8.23
88,上海凌海路站-上海沪崇站,CQ26030211,2026/3/3 15:44,沪A69190D,10.03,1.8,8.23
89,上海凌海路站-上海沪崇站,CQ26030204,2026/3/3 20:02,沪A62975D,10.03,1.8,8.23
90,上海凌海路站-上海沪崇站,CQ26030240,2026/3/3 5:44,沪A72605D,10.03,1.8,8.23
91,上海凌海路站-上海沪崇站,CQ26030174,2026/3/4 16:40,沪A72605D,10.03,1.8,8.23
92,上海凌海路站-上海沪崇站,CQ26030171,2026/3/4 17:52,苏E32686D,10.03,1.8,8.23
93,上海凌海路站-上海沪崇站,CQ26030194,2026/3/4 4:10,沪A72605D,10.03,1.8,8.23
94,上海凌海路站-上海沪崇站,CQ26030188,2026/3/4 6:45,沪A65131D,10.03,1.8,8.23
95,上海凌海路站-上海沪崇站,CQ26030133,2026/3/5 14:03,沪A63677D,10.03,1.8,8.23
96,上海凌海路站-上海沪崇站,CQ26030125,2026/3/5 19:09,沪A62975D,10.03,1.8,8.23
97,上海凌海路站-上海沪崇站,CQ26030068,2026/3/7 10:37,沪A63677D,10.03,1.8,8.23
98,上海凌海路站-上海沪崇站,CQ26030070,2026/3/7 9:01,沪A72605D,10.03,1.8,8.23
99,上海凌海路站-江杨北路,CQ26021798,2025/12/21 21:11,沪A61387D,4.01,2.75,1.26
100,上海凌海路站-浙江王江泾(嘉兴北)站,CQ26020801,2025/10/26 21:17,沪A67687D,148.22,49.44,98.78
101,上海凌海路站-浙江王江泾(嘉兴北)站,CQ26021344,2025/10/29 21:02,沪A75060D,148.22,49.44,98.78
102,上海凌海路站-浙江王江泾(嘉兴北)站,CQ26020803,2025/10/26 19:51,沪A61387D,55.33,49.44,5.89
103,上海凌海路站-浙江王江泾(嘉兴北)站,CQ26021381,2025/10/27 11:51,沪A75060D,55.33,49.44,5.89
104,上海凌海路站-浙江王江泾(嘉兴北)站,CQ26021345,2025/10/29 21:56,沪A72605D,55.33,49.44,5.89
105,上海凌海路站-浙江王江泾(嘉兴北)站,CQ26021047,2025/11/21 11:16,沪A67687D,55.33,49.44,5.89
106,上海凌海路站-浙江王江泾(嘉兴北)站,CQ26020997,2025/11/23 21:14,沪A87133D,55.33,49.44,5.89
107,上海凌海路站-浙江王江泾(嘉兴北)站,CQ26020999,2025/11/23 22:08,沪A75060D,55.33,49.44,5.89
108,上海凌海路站-浙江王江泾(嘉兴北)站,CQ26022592,2025/11/26 20:46,沪A87133D,55.33,49.44,5.89
109,上海凌海路站-浙江王江泾(嘉兴北)站,CQ26022567,2025/11/28 10:31,沪A72605D,55.33,49.44,5.89
110,上海凌海路站-浙江王江泾(嘉兴北)站,CQ26022457,2025/12/1 21:16,沪A73689D,55.33,49.44,5.89
111,上海凌海路站-浙江王江泾(嘉兴北)站,CQ26022455,2025/12/1 23:22,沪A75060D,55.33,49.44,5.89
112,上海凌海路站-浙江王江泾(嘉兴北)站,CQ26022072,2025/12/12 10:38,沪A61387D,55.33,49.44,5.89
113,上海凌海路站-浙江王江泾(嘉兴北)站,CQ26022086,2025/12/12 1:08,沪A67687D,55.33,49.44,5.89
114,上海凌海路站-浙江王江泾(嘉兴北)站,CQ26022009,2025/12/13 18:40,沪A75060D,55.33,49.44,5.89
115,上海凌海路站-浙江王江泾(嘉兴北)站,CQ26022004,2025/12/13 19:43,沪A67687D,55.33,49.44,5.89
116,上海凌海路站-浙江王江泾(嘉兴北)站,CQ26022002,2025/12/13 22:03,沪A72605D,55.33,49.44,5.89
117,上海凌海路站-浙江王江泾(嘉兴北)站,CQ26021861,2025/12/17 6:55,沪A73689D,55.33,49.44,5.89
118,上海凌海路站-浙江王江泾(嘉兴北)站,CQ26021672,2025/12/21 19:23,沪A73689D,55.33,49.44,5.89
119,上海凌海路站-浙江王江泾(嘉兴北)站,CQ26021501,2025/12/24 22:52,沪A72605D,55.33,49.44,5.89
120,上海凌海路站-浙江王江泾(嘉兴北)站,CQ26021490,2025/12/25 2:23,沪A67278D,55.33,49.44,5.89
121,上海凌海路站-浙江王江泾(嘉兴北)站,CQ26021412,2025/12/26 18:12,沪A61221D,55.33,49.44,5.89
122,上海凌海路站-浙江王江泾(嘉兴北)站,CQ26021407,2025/12/26 19:18,沪A67858D,55.33,49.44,5.89
123,上海凌海路站-浙江王江泾(嘉兴北)站,CQ26021449,2025/12/26 2:08,沪A87133D,55.33,49.44,5.89
124,上海凌海路站-浙江王江泾(嘉兴北)站,CQ26021440,2025/12/26 5:51,沪A63677D,55.33,49.44,5.89
125,上海凌海路站-浙江王江泾(嘉兴北)站,CQ26021402,2025/12/27 0:36,沪A61387D,55.33,49.44,5.89
126,上海凌海路站-浙江王江泾(嘉兴北)站,CQ26024075,2025/12/27 10:14,沪A67687D,55.33,49.44,5.89
127,上海凌海路站-浙江王江泾(嘉兴北)站,CQ26021399,2025/12/27 2:14,沪A72605D,55.33,49.44,5.89
128,上海凌海路站-浙江王江泾(嘉兴北)站,CQ26021393,2025/12/27 4:20,沪A87133D,55.33,49.44,5.89
129,上海凌海路站-浙江王江泾(嘉兴北)站,CQ26021394,2025/12/27 4:54,沪A62975D,55.33,49.44,5.89
130,上海凌海路站-浙江王江泾(嘉兴北)站,CQ26023816,2025/12/28 6:43,沪A72605D,55.33,49.44,5.89
131,上海凌海路站-浙江王江泾(嘉兴北)站,CQ26023820,2025/12/28 7:48,沪A61387D,55.33,49.44,5.89
132,上海凌海路站-浙江王江泾(嘉兴北)站,CQ26022278,2025/12/7 21:06,沪A87133D,55.33,49.44,5.89
133,上海凌海路站-浙江王江泾(嘉兴北)站,CQ26022840,2026/1/23 10:43,沪A61221D,55.33,49.44,5.89
134,上海凌海路站-浙江王江泾(嘉兴北)站,CQ26022834,2026/1/23 11:24,沪A67278D,55.33,49.44,5.89
135,上海凌海路站-浙江王江泾(嘉兴北)站,CQ26023511,2026/1/7 4:27,沪A73689D,55.33,49.44,5.89
136,上海凌海路站-浙江王江泾(嘉兴北)站,CQ26030010,2026/3/5 23:23,沪A31501D,55.33,49.44,5.89
137,上海凌海路站-浙江王江泾(嘉兴北)站,CQ26030008,2026/3/6 3:11,沪A67858D,55.33,49.44,5.89
138,上海同济高架路站-上海朱枫公路站申嘉湖,CQ26020851,2025/10/24 16:00,沪A87133D,23.75,10.03,13.72
139,上海同济高架路站-上海朱枫公路站申嘉湖,CQ26021114,2025/11/20 14:43,沪A82920D,23.75,10.03,13.72
140,上海同济高架路站-上海朱枫公路站申嘉湖,CQ26022216,2025/12/12 7:25,沪A63677D,23.75,10.03,13.72
141,上海同济高架路站-上海朱枫公路站申嘉湖,CQ26021980,2025/12/17 17:30,沪A31501D,23.75,10.03,13.72
142,上海同济高架路站-上海朱枫公路站申嘉湖,CQ26021811,2025/12/21 17:04,沪A61235D,23.75,10.03,13.72
143,上海同济高架路站-上海朱枫公路站申嘉湖,CQ26021792,2025/12/22 2:10,沪A62975D,23.75,10.03,13.72
144,上海同济高架路站-上海朱枫公路站申嘉湖,CQ26021726,2025/12/23 13:04,沪A61235D,23.75,10.03,13.72
145,上海同济高架路站-上海朱枫公路站申嘉湖,CQ26021723,2025/12/23 14:16,沪A62975D,23.75,10.03,13.72
146,上海同济高架路站-上海朱枫公路站申嘉湖,CQ26021615,2025/12/26 0:34,沪A62758D,23.75,10.03,13.72
147,上海同济高架路站-上海朱枫公路站申嘉湖,CQ26021587,2025/12/26 15:15,沪A62975D,23.75,10.03,13.72
148,上海同济高架路站-上海朱枫公路站申嘉湖,CQ26021444,2025/12/29 10:56,沪A62975D,23.75,10.03,13.72
149,上海同济高架路站-上海朱枫公路站申嘉湖,CQ26021417,2025/12/29 21:01,沪A62127D,23.75,10.03,13.72
150,上海同济高架路站-上海朱枫公路站申嘉湖,CQ26022497,2025/12/3 21:09,沪A62127D,23.75,10.03,13.72
151,上海同济高架路站-上海朱枫公路站申嘉湖,CQ26023362,2026/1/14 11:08,沪A63677D,23.75,10.03,13.72
152,上海同济高架路站-上海朱枫公路站申嘉湖,CQ26023360,2026/1/14 11:10,沪A61235D,23.75,10.03,13.72
153,上海同济高架路站-上海朱枫公路站申嘉湖,CQ26023357,2026/1/14 12:18,沪A82920D,23.75,10.03,13.72
154,上海同济高架路站-上海朱枫公路站申嘉湖,CQ26023941,2026/1/2 10:31,沪A62975D,23.75,10.03,13.72
155,上海同济高架路站-上海朱枫公路站申嘉湖,CQ26023016,2026/1/23 0:27,沪A62758D,23.75,10.03,13.72
156,上海同济高架路站-上海朱枫公路站申嘉湖,CQ26023549,2026/1/6 6:24,沪A67278D,23.75,10.03,13.72
157,上海同济高架路站-上海朱枫公路站申嘉湖,CQ26030016,2026/3/8 19:46,沪A62127D,23.75,10.03,13.72
158,上海同济高架路站-上海朱枫公路站申嘉湖,CQ26023554,2026/1/9 13:38,沪A62127D,15.92,10.03,5.89
159,上海同济高架路站-上海白鹤路站,CQ26023647,2026/1/5 7:09,沪A82920D,48.31,10.03,38.28
160,上海同济高架路站-浙江屠甸站,CQ26022530,2025/11/29 8:23,沪A63677D,76.94,70.32,6.62
161,上海同济高架路站-浙江屠甸站,CQ26021937,2025/12/15 11:52,沪A31501D,76.94,70.32,6.62
162,上海同济高架路站-浙江屠甸站,CQ26021906,2025/12/16 7:45,沪A82920D,76.94,70.32,6.62
163,上海同济高架路站-浙江屠甸站,CQ26022437,2025/12/2 7:36,沪A67253D,76.94,70.32,6.62
164,上海同济高架路站-浙江屠甸站,CQ26021674,2025/12/21 18:12,沪A62127D,76.94,70.32,6.62
165,上海同济高架路站-浙江屠甸站,CQ26021641,2025/12/22 8:48,沪A87133D,76.94,70.32,6.62
166,上海同济高架路站-浙江屠甸站,CQ26021508,2025/12/24 14:37,沪A82920D,76.94,70.32,6.62
167,上海同济高架路站-浙江屠甸站,CQ26022218,2025/12/8 21:01,沪A62127D,76.94,70.32,6.62
168,上海同济高架路站-浙江屠甸站,CQ26023223,2026/1/14 12:20,沪A67278D,76.94,70.32,6.62
169,上海同济高架路站-浙江屠甸站,CQ26023772,2026/1/2 8:07,沪A63677D,76.94,70.32,6.62
170,上海同济高架路站-浙江屠甸站,CQ26022869,2026/1/22 17:41,沪A87133D,76.94,70.32,6.62
171,上海同济高架路站-浙江屠甸站,CQ26023689,2026/1/3 13:30,沪A62127D,76.94,70.32,6.62
172,上海同济高架路站-浙江屠甸站,CQ26023474,2026/1/8 8:19,沪A63677D,76.94,70.32,6.62
173,上海同济高架路站-浙江屠甸站,CQ26023436,2026/1/9 13:46,沪A69190D,76.94,70.32,6.62
174,上海同济高架路站-浙江屠甸站,CQ26030304,2026/2/26 16:44,沪A61235D,76.94,70.32,6.62
175,上海同济高架路站-浙江屠甸站,CQ26030063,2026/3/4 12:04,沪A82920D,76.94,70.32,6.62
176,上海同济高架路站-浙江屠甸站,CQ26030002,2026/3/6 8:52,沪A65131D,76.94,70.32,6.62
177,上海同济高架路站-浙江王江泾(嘉兴北)站,CQ26022179,2025/12/9 18:37,沪A31501D,140.6,55.33,85.27
178,上海同济高架路站-浙江秀洲(嘉兴西)站,CQ26021347,2025/10/29 15:49,沪A87133D,67.27,58.66,8.61
179,上海同济高架路站-浙江秀洲(嘉兴西)站,CQ26021090,2025/11/18 20:54,沪A87133D,67.27,58.66,8.61
180,上海同济高架路站-浙江秀洲(嘉兴西)站,CQ26021063,2025/11/20 20:43,沪A87133D,67.27,58.66,8.61
181,上海同济高架路站-浙江秀洲(嘉兴西)站,CQ26022594,2025/11/26 17:46,沪A67253D,67.27,58.66,8.61
182,上海同济高架路站-浙江秀洲(嘉兴西)站,CQ26022585,2025/11/27 15:43,沪A67253D,67.27,58.66,8.61
183,上海同济高架路站-浙江秀洲(嘉兴西)站,CQ26022473,2025/12/1 10:50,沪A63677D,67.27,58.66,8.61
184,上海同济高架路站-浙江秀洲(嘉兴西)站,CQ26021908,2025/12/16 7:42,沪A87133D,67.27,58.66,8.61
185,上海同济高架路站-浙江秀洲(嘉兴西)站,CQ26022435,2025/12/2 7:33,沪A67858D,67.27,58.66,8.61
186,上海同济高架路站-浙江秀洲(嘉兴西)站,CQ26021567,2025/12/23 14:00,沪A67278D,67.27,58.66,8.61
187,上海同济高架路站-浙江秀洲(嘉兴西)站,CQ26021507,2025/12/24 16:34,沪A63677D,67.27,58.66,8.61
188,上海同济高架路站-浙江秀洲(嘉兴西)站,CQ26021413,2025/12/26 15:18,沪A82920D,67.27,58.66,8.61
189,上海同济高架路站-浙江秀洲(嘉兴西)站,CQ26023995,2025/12/29 11:01,沪A69190D,67.27,58.66,8.61
190,上海同济高架路站-浙江秀洲(嘉兴西)站,CQ26023991,2025/12/29 14:06,沪A67858D,67.27,58.66,8.61
191,上海同济高架路站-浙江秀洲(嘉兴西)站,CQ26022383,2025/12/4 15:19,沪A87133D,67.27,58.66,8.61
192,上海同济高架路站-浙江秀洲(嘉兴西)站,CQ26022361,2025/12/5 12:00,沪A87133D,67.27,58.66,8.61
193,上海同济高架路站-浙江秀洲(嘉兴西)站,CQ26022241,2025/12/8 9:26,沪A63677D,67.27,58.66,8.61
194,上海同济高架路站-浙江秀洲(嘉兴西)站,CQ26022189,2025/12/9 13:57,沪A63677D,67.27,58.66,8.61
195,上海同济高架路站-浙江秀洲(嘉兴西)站,CQ26023221,2026/1/14 12:22,沪A31501D,67.27,58.66,8.61
196,上海同济高架路站-浙江秀洲(嘉兴西)站,CQ26023222,2026/1/14 12:35,沪A65131D,67.27,58.66,8.61
197,上海同济高架路站-浙江秀洲(嘉兴西)站,CQ26023756,2026/1/2 14:31,沪A67687D,67.27,58.66,8.61
198,上海同济高架路站-浙江秀洲(嘉兴西)站,CQ26023749,2026/1/2 16:57,沪A65131D,67.27,58.66,8.61
199,上海同济高架路站-浙江秀洲(嘉兴西)站,CQ26022925,2026/1/21 12:43,沪A63677D,67.27,58.66,8.61
200,上海同济高架路站-浙江秀洲(嘉兴西)站,CQ26022657,2026/1/26 8:46,沪A61235D,67.27,58.66,8.61
201,上海同济高架路站-浙江秀洲(嘉兴西)站,CQ26023534,2026/1/6 13:46,沪A63677D,67.27,58.66,8.61
202,上海同济高架路站-浙江秀洲(嘉兴西)站,CQ26023532,2026/1/6 16:08,沪A67253D,67.27,58.66,8.61
203,上海同济高架路站-浙江秀洲(嘉兴西)站,CQ26023434,2026/1/9 15:00,沪A87133D,67.27,58.66,8.61
204,上海同济高架路站-浙江秀洲(嘉兴西)站,CQ26030384,2026/2/24 9:21,沪A67858D,67.27,58.66,8.61
205,上海同济高架路站-浙江秀洲(嘉兴西)站,CQ26030303,2026/2/26 16:14,沪A62127D,67.27,58.66,8.61
206,上海同济高架路站-浙江秀洲(嘉兴西)站,CQ26030064,2026/3/4 7:37,沪A62127D,67.27,58.66,8.61
207,上海同济高架路站-浙江秀洲(嘉兴西)站,CQ26030066,2026/3/4 7:37,沪A63677D,67.27,58.66,8.61
208,上海同济高架路站-浙江秀洲(嘉兴西)站,CQ26030019,2026/3/5 12:42,沪A62127D,67.27,58.66,8.61
209,上海同济高架路站-浙江秀洲(嘉兴西)站,CQ26030017,2026/3/5 12:43,沪A82920D,67.27,58.66,8.61
210,上海同济高架路站-浙江长兴站,CQ26021637,2025/12/26 3:18,沪A61235D,267.81,140.86,126.95
211,上海同济高架路站-浙江长兴站,CQ26021632,2025/12/26 4:33,沪A31501D,267.81,140.86,126.95
212,上海周浦站-上海下盐公路站,CQ26022582,2025/11/30 20:48,沪A72605D,7.02,5.3,1.72
213,上海周浦站-上海金山卫站,CQ26023103,2026/1/21 8:58,沪A69190D,65.39,55.19,10.2
214,上海周浦站-上海金山卫站,CQ26023060,2026/1/22 4:16,沪A61387D,65.39,55.19,10.2
215,上海周浦站-上海金山卫站,CQ26022961,2026/1/24 7:11,沪EF3165,65.39,55.19,10.2
216,上海周浦站-上海金山卫站,CQ26022901,2026/1/25 9:07,沪A61387D,65.39,55.19,10.2
217,上海周浦站-上海金山卫站,CQ26022771,2026/1/27 13:52,沪A31087D,65.39,55.19,10.2
218,上海周浦站-上海金山卫站,CQ26022728,2026/1/28 6:39,沪A31087D,65.39,55.19,10.2
219,上海周浦站-上海金山卫站,CQ26021599,2025/12/26 6:50,沪A65131D,60.77,55.19,5.58
220,上海周浦站-上海金山卫站,CQ26022784,2026/1/27 13:04,沪EF3165,60.77,55.19,5.58
221,上海周浦站-浙江乍浦站,CQ26021700,2025/12/20 22:29,沪A61387D,112.93,83.1,29.83
222,上海周浦站-浙江乍浦站,CQ26021176,2025/11/12 15:01,沪A67687D,87.71,83.1,4.61
223,上海周浦站-浙江乍浦站,CQ26022488,2025/11/30 21:34,沪A61387D,87.71,83.1,4.61
224,上海周浦站-浙江乍浦站,CQ26021453,2025/12/26 0:25,沪A72605D,87.71,83.1,4.61
225,上海周浦站-浙江新仓(独山港东)站,CQ26023245,2026/1/13 16:09,沪A87133D,70.83,66.22,4.61
226,上海周浦站-浙江新仓(独山港东)站,CQ26022877,2026/1/22 13:46,沪A65131D,70.83,66.22,4.61
227,上海周浦站-浙江新仓(独山港东)站,CQ26022811,2026/1/23 21:33,沪A73689D,70.83,66.22,4.61
228,上海周浦站-浙江新仓(独山港东)站,CQ26022706,2026/1/25 16:02,沪A62758D,70.83,66.22,4.61
229,上海周浦站-浙江新仓(独山港东)站,CQ26022690,2026/1/25 19:01,沪A87133D,70.83,66.22,4.61
230,上海嘉西站-上海沪翔高速站,CQ26020877,2025/10/22 23:04,沪EF3165,7.78,3.66,4.12
231,上海嘉西站-上海沪翔高速站,CQ26020848,2025/10/25 12:24,沪EF3165,7.78,3.66,4.12
232,上海嘉西站-上海沪翔高速站,CQ26020830,2025/10/27 21:08,沪EF3165,7.78,3.66,4.12
233,上海嘉西站-上海沪翔高速站,CQ26021113,2025/11/20 13:46,沪EF3165,7.78,3.66,4.12
234,上海嘉西站-上海沪翔高速站,CQ26020945,2025/11/29 13:22,沪EF3165,7.78,3.66,4.12
235,上海嘉西站-上海沪翔高速站,CQ26021324,2025/11/3 22:47,沪EF3165,7.78,3.66,4.12
236,上海嘉西站-上海沪翔高速站,CQ26021643,2025/12/25 15:37,沪EF3165,7.78,3.66,4.12
237,上海嘉西站-上海沪翔高速站,CQ26022506,2025/12/3 14:17,沪EF3165,7.78,3.66,4.12
238,上海嘉西站-上海沪翔高速站,CQ26021400,2025/12/30 9:10,沪EF3165,7.78,3.66,4.12
239,上海嘉西站-上海沪翔高速站,CQ26023466,2026/1/11 21:39,沪EF3165,7.78,3.66,4.12
240,上海嘉西站-上海沪翔高速站,CQ26023392,2026/1/13 17:01,沪A61221D,7.78,3.66,4.12
241,上海嘉西站-上海沪翔高速站,CQ26023264,2026/1/16 16:42,沪A61221D,7.78,3.66,4.12
242,上海嘉西站-上海沪翔高速站,CQ26023201,2026/1/18 16:26,沪EF3165,7.78,3.66,4.12
243,上海嘉西站-上海沪翔高速站,CQ26023116,2026/1/21 2:34,沪A69171D,7.78,3.66,4.12
244,上海嘉西站-上海沪翔高速站,CQ26022985,2026/1/23 15:32,沪EF3165,7.78,3.66,4.12
245,上海嘉西站-上海沪翔高速站,CQ26022801,2026/1/27 9:24,沪EF3165,7.78,3.66,4.12
246,上海嘉西站-上海沪翔高速站,CQ26022610,2026/1/28 20:25,沪A69190D,7.78,3.66,4.12
247,上海嘉西站-上海沪翔高速站,CQ26023646,2026/1/7 16:38,沪A61221D,7.78,3.66,4.12
248,上海嘉西站-上海沪翔高速站,CQ26023599,2026/1/8 16:44,沪A61221D,7.78,3.66,4.12
249,上海嘉西站-上海沪翔高速站,CQ26023542,2026/1/9 15:01,沪EF3165,7.78,3.66,4.12
250,上海嘉西站-上海沪翔高速站,CQ26023544,2026/1/9 15:23,沪A61221D,7.78,3.66,4.12
251,上海嘉西站-上海沪翔高速站,CQ26030307,2026/3/1 21:05,沪A62758D,7.78,3.66,4.12
252,上海嘉西站-上海沪翔高速站,CQ26030247,2026/3/3 2:49,沪A69171D,7.78,3.66,4.12
253,上海嘉西站-上海沪翔高速站,CQ26030083,2026/3/6 19:37,沪A61221D,7.78,3.66,4.12
254,上海大叶公路站莘奉金-上海颛桥站,CQ26022070,2025/12/15 13:30,沪GE7293,20.06,14.57,5.49
255,上海康桥站-上海沪南公路站沪芦,CQ26022310,2025/12/10 6:40,沪A62975D,9.99,3.68,6.31
256,上海康桥站-上海沪南公路站沪芦,CQ26022252,2025/12/11 12:02,沪A82920D,9.99,3.68,6.31
257,上海康桥站-上海沪南公路站沪芦,CQ26022273,2025/12/11 6:25,沪A82920D,9.99,3.68,6.31
258,上海康桥站-上海沪南公路站沪芦,CQ26021922,2025/12/19 7:13,沪A63677D,9.99,3.68,6.31
259,上海康桥站-上海沪南公路站沪芦,CQ26022545,2025/12/2 6:27,沪A69190D,9.99,3.68,6.31
260,上海康桥站-上海沪南公路站沪芦,CQ26022333,2025/12/9 13:16,沪A69190D,9.99,3.68,6.31
261,上海康桥站-上海沪南公路站沪芦,CQ26022731,2026/1/28 6:32,沪A82920D,9.99,3.68,6.31
262,上海康桥站-上海沪南公路站沪芦,CQ26022651,2026/1/29 16:53,沪A82920D,9.99,3.68,6.31
263,上海康桥站-上海沪南公路站沪芦,CQ26030288,2026/3/2 6:31,沪A65131D,9.99,3.68,6.31
264,上海新桥主线站-上海莘砖公路站,CQ26021616,2025/12/26 1:07,沪A60619D,7.62,5.72,1.9
265,上海新桥主线站-上海莘砖公路站,CQ26021350,2025/11/1 17:15,沪A60619D,6.08,5.72,0.36
266,上海新桥主线站-上海莘砖公路站,CQ26021077,2025/11/23 2:06,沪A61387D,6.08,5.72,0.36
267,上海新桥主线站-上海莘砖公路站,CQ26021042,2025/11/25 0:41,沪A61387D,6.08,5.72,0.36
268,上海新桥主线站-上海莘砖公路站,CQ26020991,2025/11/27 12:15,沪A93192D,6.08,5.72,0.36
269,上海新桥主线站-上海莘砖公路站,CQ26020966,2025/11/28 10:34,沪A93192D,6.08,5.72,0.36
270,上海新桥主线站-上海莘砖公路站,CQ26020949,2025/11/29 0:58,沪A60619D,6.08,5.72,0.36
271,上海新桥主线站-上海莘砖公路站,CQ26021313,2025/11/5 5:11,沪A60619D,6.08,5.72,0.36
272,上海新桥主线站-上海莘砖公路站,CQ26022562,2025/12/1 19:43,沪A93192D,6.08,5.72,0.36
273,上海新桥主线站-上海莘砖公路站,CQ26022317,2025/12/10 3:03,沪A93192D,6.08,5.72,0.36
274,上海新桥主线站-上海莘砖公路站,CQ26022188,2025/12/12 20:03,沪A93192D,6.08,5.72,0.36
275,上海新桥主线站-上海莘砖公路站,CQ26022219,2025/12/12 4:59,沪A93192D,6.08,5.72,0.36
276,上海新桥主线站-上海莘砖公路站,CQ26022155,2025/12/13 10:54,沪A93192D,6.08,5.72,0.36
277,上海新桥主线站-上海莘砖公路站,CQ26022133,2025/12/13 17:54,沪A93192D,6.08,5.72,0.36
278,上海新桥主线站-上海莘砖公路站,CQ26021931,2025/12/18 21:52,沪A93192D,6.08,5.72,0.36
279,上海新桥主线站-上海莘砖公路站,CQ26021915,2025/12/19 10:22,沪A93192D,6.08,5.72,0.36
280,上海新桥主线站-上海莘砖公路站,CQ26022541,2025/12/2 10:18,沪A93192D,6.08,5.72,0.36
281,上海新桥主线站-上海莘砖公路站,CQ26021701,2025/12/24 4:08,沪A60619D,6.08,5.72,0.36
282,上海新桥主线站-上海莘砖公路站,CQ26021623,2025/12/25 19:49,沪A93192D,6.08,5.72,0.36
283,上海新桥主线站-上海莘砖公路站,CQ26021588,2025/12/26 14:25,沪A93192D,6.08,5.72,0.36
284,上海新桥主线站-上海莘砖公路站,CQ26021543,2025/12/27 7:18,沪A93192D,6.08,5.72,0.36
285,上海新桥主线站-上海莘砖公路站,CQ26022510,2025/12/3 11:19,沪A93192D,6.08,5.72,0.36
286,上海新桥主线站-上海莘砖公路站,CQ26024059,2025/12/30 22:38,沪A69171D,6.08,5.72,0.36
287,上海新桥主线站-上海莘砖公路站,CQ26023934,2025/12/30 6:25,沪A62758D,6.08,5.72,0.36
288,上海新桥主线站-上海莘砖公路站,CQ26021398,2025/12/30 7:52,沪A93192D,6.08,5.72,0.36
289,上海新桥主线站-上海莘砖公路站,CQ26022484,2025/12/4 10:26,沪A93192D,6.08,5.72,0.36
290,上海新桥主线站-上海莘砖公路站,CQ26022432,2025/12/5 16:43,沪A93192D,6.08,5.72,0.36
291,上海新桥主线站-上海莘砖公路站,CQ26023520,2026/1/10 2:32,沪A60619D,6.08,5.72,0.36
292,上海新桥主线站-上海莘砖公路站,CQ26023514,2026/1/10 7:15,沪A60619D,6.08,5.72,0.36
293,上海新桥主线站-上海莘砖公路站,CQ26023435,2026/1/12 20:28,沪A93192D,6.08,5.72,0.36
294,上海新桥主线站-上海莘砖公路站,CQ26023453,2026/1/12 9:33,沪A63183D,6.08,5.72,0.36
295,上海新桥主线站-上海莘砖公路站,CQ26023398,2026/1/13 14:47,沪A63183D,6.08,5.72,0.36
296,上海新桥主线站-上海莘砖公路站,CQ26023425,2026/1/13 3:31,沪A73689D,6.08,5.72,0.36
297,上海新桥主线站-上海莘砖公路站,CQ26023366,2026/1/14 6:16,沪A60619D,6.08,5.72,0.36
298,上海新桥主线站-上海莘砖公路站,CQ26023336,2026/1/15 1:32,沪A60619D,6.08,5.72,0.36
299,上海新桥主线站-上海莘砖公路站,CQ26023311,2026/1/15 20:25,沪A93192D,6.08,5.72,0.36
300,上海新桥主线站-上海莘砖公路站,CQ26023257,2026/1/16 21:01,沪A93192D,6.08,5.72,0.36
301,上海新桥主线站-上海莘砖公路站,CQ26023230,2026/1/17 11:21,沪A93192D,6.08,5.72,0.36
302,上海新桥主线站-上海莘砖公路站,CQ26023218,2026/1/17 20:07,沪A31087D,6.08,5.72,0.36
303,上海新桥主线站-上海莘砖公路站,CQ26023220,2026/1/17 20:41,沪A63183D,6.08,5.72,0.36
304,上海新桥主线站-上海莘砖公路站,CQ26023236,2026/1/17 7:02,沪A31087D,6.08,5.72,0.36
305,上海新桥主线站-上海莘砖公路站,CQ26023202,2026/1/18 16:15,沪A93192D,6.08,5.72,0.36
306,上海新桥主线站-上海莘砖公路站,CQ26023208,2026/1/18 3:04,沪A60619D,6.08,5.72,0.36
307,上海新桥主线站-上海莘砖公路站,CQ26023206,2026/1/18 7:16,沪A93192D,6.08,5.72,0.36
308,上海新桥主线站-上海莘砖公路站,CQ26023182,2026/1/19 14:39,沪A93192D,6.08,5.72,0.36
309,上海新桥主线站-上海莘砖公路站,CQ26023921,2026/1/2 17:31,沪A62758D,6.08,5.72,0.36
310,上海新桥主线站-上海莘砖公路站,CQ26023123,2026/1/20 19:52,沪A93192D,6.08,5.72,0.36
311,上海新桥主线站-上海莘砖公路站,CQ26023152,2026/1/20 6:07,沪A60619D,6.08,5.72,0.36
312,上海新桥主线站-上海莘砖公路站,CQ26023095,2026/1/21 10:00,沪A93192D,6.08,5.72,0.36
313,上海新桥主线站-上海莘砖公路站,CQ26023031,2026/1/22 17:18,沪A93192D,6.08,5.72,0.36
314,上海新桥主线站-上海莘砖公路站,CQ26023055,2026/1/22 5:44,沪A93192D,6.08,5.72,0.36
315,上海新桥主线站-上海莘砖公路站,CQ26022983,2026/1/23 16:21,沪A93192D,6.08,5.72,0.36
316,上海新桥主线站-上海莘砖公路站,CQ26022955,2026/1/24 7:49,沪A93192D,6.08,5.72,0.36
317,上海新桥主线站-上海莘砖公路站,CQ26022895,2026/1/25 12:31,沪A60619D,6.08,5.72,0.36
318,上海新桥主线站-上海莘砖公路站,CQ26022907,2026/1/25 5:41,沪A60619D,6.08,5.72,0.36
319,上海新桥主线站-上海莘砖公路站,CQ26022898,2026/1/25 9:35,沪A93192D,6.08,5.72,0.36
320,上海新桥主线站-上海莘砖公路站,CQ26022845,2026/1/26 13:58,沪A93192D,6.08,5.72,0.36
321,上海新桥主线站-上海莘砖公路站,CQ26022756,2026/1/27 20:00,沪A60619D,6.08,5.72,0.36
322,上海新桥主线站-上海莘砖公路站,CQ26022747,2026/1/27 22:38,沪A93192D,6.08,5.72,0.36
323,上海新桥主线站-上海莘砖公路站,CQ26022807,2026/1/27 6:14,沪A31087D,6.08,5.72,0.36
324,上海新桥主线站-上海莘砖公路站,CQ26022704,2026/1/28 21:05,沪A93192D,6.08,5.72,0.36
325,上海新桥主线站-上海莘砖公路站,CQ26022641,2026/1/29 17:50,沪A93192D,6.08,5.72,0.36
326,上海新桥主线站-上海莘砖公路站,CQ26023908,2026/1/3 1:19,沪A62758D,6.08,5.72,0.36
327,上海新桥主线站-上海莘砖公路站,CQ26022623,2026/1/30 5:17,沪A93192D,6.08,5.72,0.36
328,上海新桥主线站-上海莘砖公路站,CQ26030339,2026/2/28 21:06,沪A60619D,6.08,5.72,0.36
329,上海新桥主线站-上海莘砖公路站,CQ26030360,2026/2/28 6:09,沪A60619D,6.08,5.72,0.36
330,上海新桥主线站-上海莘砖公路站,CQ26030328,2026/3/1 1:10,沪A63183D,6.08,5.72,0.36
331,上海新桥主线站-上海莘砖公路站,CQ26030318,2026/3/1 9:35,沪A60619D,6.08,5.72,0.36
332,上海新桥主线站-上海莘砖公路站,CQ26030273,2026/3/2 13:29,沪A93192D,6.08,5.72,0.36
333,上海新桥主线站-上海莘砖公路站,CQ26030250,2026/3/3 0:45,沪A93192D,6.08,5.72,0.36
334,上海新桥主线站-上海莘砖公路站,CQ26030210,2026/3/3 17:12,沪A93192D,6.08,5.72,0.36
335,上海新桥主线站-上海莘砖公路站,CQ26030175,2026/3/4 17:08,沪A93192D,6.08,5.72,0.36
336,上海新桥主线站-上海莘砖公路站,CQ26030160,2026/3/5 0:34,沪A60619D,6.08,5.72,0.36
337,上海新桥主线站-上海莘砖公路站,CQ26030156,2026/3/5 5:12,沪A63183D,6.08,5.72,0.36
338,上海新桥主线站-上海莘砖公路站,CQ26030096,2026/3/6 11:56,沪A93192D,6.08,5.72,0.36
339,上海新桥主线站-上海莘砖公路站,CQ26030084,2026/3/6 19:34,沪A69171D,6.08,5.72,0.36
340,上海新桥主线站-上海莘砖公路站,CQ26030112,2026/3/6 2:26,沪A60619D,6.08,5.72,0.36
341,上海新桥主线站-上海莘砖公路站,CQ26030106,2026/3/6 4:01,沪A93192D,6.08,5.72,0.36
342,上海新桥主线站-上海莘砖公路站,CQ26030078,2026/3/7 1:09,沪A93192D,6.08,5.72,0.36
343,上海新桥主线站-上海莘砖公路站,CQ26030043,2026/3/8 0:52,沪A93192D,6.08,5.72,0.36
344,上海新桥主线站-上海莘砖公路站,CQ26030031,2026/3/8 11:20,沪A93192D,6.08,5.72,0.36
345,上海新桥主线站-上海莘砖公路站,CQ26030009,2026/3/9 10:44,沪A93192D,6.08,5.72,0.36
346,上海朱枫公路站申嘉湖-上海同济高架路站,CQ26020902,2025/10/17 20:07,沪A87133D,23.75,15.92,7.83
347,上海朱枫公路站申嘉湖-上海同济高架路站,CQ26021056,2025/11/21 6:25,沪A82920D,23.75,15.92,7.83
348,上海朱枫公路站申嘉湖-上海同济高架路站,CQ26021043,2025/11/25 0:20,沪A82920D,23.75,15.92,7.83
349,上海朱枫公路站申嘉湖-上海同济高架路站,CQ26020998,2025/11/27 5:22,沪A82920D,23.75,15.92,7.83
350,上海朱枫公路站申嘉湖-上海同济高架路站,CQ26022253,2025/12/11 12:00,沪A62127D,23.75,15.92,7.83
351,上海朱枫公路站申嘉湖-上海同济高架路站,CQ26022272,2025/12/11 6:23,沪A62975D,23.75,15.92,7.83
352,上海朱枫公路站申嘉湖-上海同济高架路站,CQ26022184,2025/12/11 6:23,沪A61235D,23.75,15.92,7.83
353,上海朱枫公路站申嘉湖-上海同济高架路站,CQ26021983,2025/12/17 14:40,沪A62127D,23.75,15.92,7.83
354,上海朱枫公路站申嘉湖-上海同济高架路站,CQ26021949,2025/12/18 15:32,沪A62127D,23.75,15.92,7.83
355,上海朱枫公路站申嘉湖-上海同济高架路站,CQ26022521,2025/12/2 20:23,沪A82920D,23.75,15.92,7.83
356,上海朱枫公路站申嘉湖-上海同济高架路站,CQ26021511,2025/12/27 20:04,沪A62127D,23.75,15.92,7.83
357,上海朱枫公路站申嘉湖-上海同济高架路站,CQ26022508,2025/12/3 15:10,沪A62127D,23.75,15.92,7.83
358,上海朱枫公路站申嘉湖-上海同济高架路站,CQ26022479,2025/12/4 12:29,沪A62127D,23.75,15.92,7.83
359,上海朱枫公路站申嘉湖-上海同济高架路站,CQ26022358,2025/12/8 21:03,沪A82920D,23.75,15.92,7.83
360,上海朱枫公路站申嘉湖-上海同济高架路站,CQ26023183,2026/1/19 14:31,沪A62127D,23.75,15.92,7.83
361,上海朱枫公路站申嘉湖-上海沪翔高速站,CQ26021022,2025/11/25 21:33,沪EF3165,36.62,23.75,12.87
362,上海江杨北路站-上海凌海路站,CQ26022149,2025/12/13 12:08,苏E32686D,2.75,1.91,0.84
363,上海江杨北路站-上海凌海路站,CQ26023470,2026/1/11 17:59,沪A63677D,2.75,1.91,0.84
364,上海江杨北路站-上海凌海路站,CQ26023469,2026/1/11 18:02,沪A82920D,2.75,1.91,0.84
365,上海江杨北路站-上海凌海路站,CQ26023429,2026/1/11 18:04,沪A62975D,2.75,1.91,0.84
366,上海江杨北路站-上海凌海路站,CQ26023555,2026/1/9 11:32,沪A62975D,2.75,1.91,0.84
367,上海江杨北路站-上海凌海路站,CQ26030325,2026/2/25 19:52,沪A82920D,2.75,1.91,0.84
368,上海江杨北路站-上海凌海路站,CQ26030259,2026/3/1 16:48,苏E32686D,2.75,1.91,0.84
369,上海沪崇站-G1503凌海路,CQ26020863,2025/10/23 18:06,沪A72605D,19.06,10.03,9.03
370,上海沪崇站-G1503凌海路,CQ26020850,2025/10/24 15:46,沪A59069D,19.06,10.03,9.03
371,上海沪崇站-G1503凌海路,CQ26021111,2025/11/20 13:21,沪A72605D,19.06,10.03,9.03
372,上海沪崇站-上海凌海路站,CQ26020871,2025/10/23 17:56,沪A59069D,10.03,7.64,2.39
373,上海沪崇站-上海凌海路站,CQ26021145,2025/11/18 14:42,沪A87133D,10.03,7.64,2.39
374,上海沪崇站-上海凌海路站,CQ26021146,2025/11/18 15:13,沪A82920D,10.03,7.64,2.39
375,上海沪崇站-上海凌海路站,CQ26021028,2025/11/25 13:04,沪A72605D,10.03,7.64,2.39
376,上海沪崇站-上海凌海路站,CQ26020959,2025/11/28 17:26,沪A82920D,10.03,7.64,2.39
377,上海沪崇站-上海凌海路站,CQ26021306,2025/11/5 17:30,沪A59069D,10.03,7.64,2.39
378,上海沪崇站-上海凌海路站,CQ26021301,2025/11/5 21:59,沪A61387D,10.03,7.64,2.39
379,上海沪崇站-上海凌海路站,CQ26022260,2025/12/11 10:45,苏E32686D,10.03,7.64,2.39
380,上海沪崇站-上海凌海路站,CQ26022209,2025/12/12 11:18,沪A72605D,10.03,7.64,2.39
381,上海沪崇站-上海凌海路站,CQ26022178,2025/12/13 0:59,沪A72605D,10.03,7.64,2.39
382,上海沪崇站-上海凌海路站,CQ26022042,2025/12/16 10:17,苏E32686D,10.03,7.64,2.39
383,上海沪崇站-上海凌海路站,CQ26022059,2025/12/16 1:00,沪A62975D,10.03,7.64,2.39
384,上海沪崇站-上海凌海路站,CQ26021952,2025/12/18 13:13,沪A65131D,10.03,7.64,2.39
385,上海沪崇站-上海凌海路站,CQ26021946,2025/12/18 16:14,沪A63677D,10.03,7.64,2.39
386,上海沪崇站-上海凌海路站,CQ26021938,2025/12/18 19:03,沪A82920D,10.03,7.64,2.39
387,上海沪崇站-上海凌海路站,CQ26021899,2025/12/19 18:01,沪A62975D,10.03,7.64,2.39
388,上海沪崇站-上海凌海路站,CQ26022524,2025/12/2 18:15,沪A72605D,10.03,7.64,2.39
389,上海沪崇站-上海凌海路站,CQ26021712,2025/12/23 18:59,苏E32686D,10.03,7.64,2.39
390,上海沪崇站-上海凌海路站,CQ26021692,2025/12/24 10:04,沪A62127D,10.03,7.64,2.39
391,上海沪崇站-上海凌海路站,CQ26021694,2025/12/24 11:17,沪A63677D,10.03,7.64,2.39
392,上海沪崇站-上海凌海路站,CQ26021687,2025/12/24 15:02,沪A31501D,10.03,7.64,2.39
393,上海沪崇站-上海凌海路站,CQ26021633,2025/12/25 17:26,沪A61235D,10.03,7.64,2.39
394,上海沪崇站-上海凌海路站,CQ26021467,2025/12/28 20:12,沪A62975D,10.03,7.64,2.39
395,上海沪崇站-上海凌海路站,CQ26021470,2025/12/28 20:53,沪A63677D,10.03,7.64,2.39
396,上海沪崇站-上海凌海路站,CQ26021458,2025/12/29 5:06,沪A72605D,10.03,7.64,2.39
397,上海沪崇站-上海凌海路站,CQ26022503,2025/12/3 17:42,沪A72605D,10.03,7.64,2.39
398,上海沪崇站-上海凌海路站,CQ26024045,2025/12/31 18:36,苏E32686D,10.03,7.64,2.39
399,上海沪崇站-上海凌海路站,CQ26022470,2025/12/4 16:23,沪A61387D,10.03,7.64,2.39
400,上海沪崇站-上海凌海路站,CQ26022492,2025/12/4 1:14,沪A63677D,10.03,7.64,2.39
401,上海沪崇站-上海凌海路站,CQ26022416,2025/12/6 11:16,沪A72605D,10.03,7.64,2.39
402,上海沪崇站-上海凌海路站,CQ26022404,2025/12/6 16:00,沪A63677D,10.03,7.64,2.39
403,上海沪崇站-上海凌海路站,CQ26022405,2025/12/6 16:05,沪A82920D,10.03,7.64,2.39
404,上海沪崇站-上海凌海路站,CQ26023989,2026/1/1 21:05,沪A63677D,10.03,7.64,2.39
405,上海沪崇站-上海凌海路站,CQ26023993,2026/1/1 21:05,沪A62975D,10.03,7.64,2.39
406,上海沪崇站-上海凌海路站,CQ26023438,2026/1/12 18:27,沪A72605D,10.03,7.64,2.39
407,上海沪崇站-上海凌海路站,CQ26023410,2026/1/13 10:58,沪A67687D,10.03,7.64,2.39
408,上海沪崇站-上海凌海路站,CQ26023348,2026/1/14 17:32,沪A62975D,10.03,7.64,2.39
409,上海沪崇站-上海凌海路站,CQ26023272,2026/1/16 12:17,苏E32686D,10.03,7.64,2.39
410,上海沪崇站-上海凌海路站,CQ26023185,2026/1/19 11:02,苏E32686D,10.03,7.64,2.39
411,上海沪崇站-上海凌海路站,CQ26023930,2026/1/2 11:49,沪A65131D,10.03,7.64,2.39
412,上海沪崇站-上海凌海路站,CQ26023064,2026/1/20 8:51,沪A63183D,10.03,7.64,2.39
413,上海沪崇站-上海凌海路站,CQ26023148,2026/1/20 9:00,沪A67687D,10.03,7.64,2.39
414,上海沪崇站-上海凌海路站,CQ26023149,2026/1/20 9:03,沪A31087D,10.03,7.64,2.39
415,上海沪崇站-上海凌海路站,CQ26023025,2026/1/22 20:58,沪A72605D,10.03,7.64,2.39
416,上海沪崇站-上海凌海路站,CQ26022820,2026/1/23 15:49,沪A63677D,10.03,7.64,2.39
417,上海沪崇站-上海凌海路站,CQ26022823,2026/1/26 20:04,沪A62127D,10.03,7.64,2.39
418,上海沪崇站-上海凌海路站,CQ26022821,2026/1/26 22:06,沪A62975D,10.03,7.64,2.39
419,上海沪崇站-上海凌海路站,CQ26022618,2026/1/26 22:23,沪A63677D,10.03,7.64,2.39
420,上海沪崇站-上海凌海路站,CQ26023906,2026/1/3 0:14,沪A72605D,10.03,7.64,2.39
421,上海沪崇站-上海凌海路站,CQ26023880,2026/1/3 16:42,沪A63677D,10.03,7.64,2.39
422,上海沪崇站-上海凌海路站,CQ26023595,2026/1/8 18:56,沪A62975D,10.03,7.64,2.39
423,上海沪崇站-上海凌海路站,CQ26023545,2026/1/9 14:12,沪A63677D,10.03,7.64,2.39
424,上海沪崇站-上海凌海路站,CQ26023536,2026/1/9 18:36,沪A31501D,10.03,7.64,2.39
425,上海沪崇站-上海凌海路站,CQ26023537,2026/1/9 19:03,沪A62975D,10.03,7.64,2.39
426,上海沪崇站-上海凌海路站,CQ26030260,2026/2/27 14:47,沪A69190D,10.03,7.64,2.39
427,上海沪崇站-上海凌海路站,CQ26030382,2026/2/27 16:52,沪A62975D,10.03,7.64,2.39
428,上海沪崇站-上海凌海路站,CQ26030381,2026/2/27 18:40,沪A93192D,10.03,7.64,2.39
429,上海沪崇站-上海凌海路站,CQ26030356,2026/2/28 11:15,沪A73689D,10.03,7.64,2.39
430,上海沪崇站-上海凌海路站,CQ26030306,2026/3/1 21:14,沪A63677D,10.03,7.64,2.39
431,上海沪崇站-上海凌海路站,CQ26030294,2026/3/2 7:30,沪A73689D,10.03,7.64,2.39
432,上海沪崇站-上海凌海路站,CQ26030217,2026/3/3 12:26,沪A72605D,10.03,7.64,2.39
433,上海沪崇站-上海凌海路站,CQ26030251,2026/3/3 1:17,沪A62975D,10.03,7.64,2.39
434,上海沪崇站-上海凌海路站,CQ26030202,2026/3/3 21:53,沪A65131D,10.03,7.64,2.39
435,上海沪崇站-上海凌海路站,CQ26030176,2026/3/4 14:42,苏E32686D,10.03,7.64,2.39
436,上海沪崇站-上海凌海路站,CQ26030165,2026/3/4 20:47,沪A62975D,10.03,7.64,2.39
437,上海沪崇站-上海凌海路站,CQ26030092,2026/3/6 12:17,沪A87133D,10.03,7.64,2.39
438,上海沪崇站-上海凌海路站,CQ26030069,2026/3/7 10:58,沪A61235D,10.03,7.64,2.39
439,上海沪翔高速站-G15曹安公路,CQ26021006,2025/11/26 12:56,沪FA9708,8.02,5.74,2.28
440,上海沪翔高速站-安徽肥东站,CQ26023417,2026/1/13 16:31,沪EF3165,822.91,803.64,19.27
441,上海沪翔高速站-安徽肥东站,CQ26022914,2026/1/25 9:17,沪EF3165,822.91,803.64,19.27
442,上海沪翔高速站-安徽肥东站,CQ26022697,2026/1/29 10:49,沪EF3165,822.91,803.64,19.27
443,上海沪翔高速站-安徽龙塘站,CQ26023333,2026/1/15 10:34,沪GE7293,977.36,819.16,158.2
444,上海沪翔高速站-安徽龙塘站,CQ26023063,2026/1/22 9:46,沪GE7293,977.36,819.16,158.2
445,上海沪翔高速站-江苏太仓新区站,CQ26021132,2025/11/19 15:10,沪A75060D,33.35,31.27,2.08
446,上海沪翔高速站-江苏太仓新区站,CQ26023589,2026/1/9 10:22,沪A61221D,33.35,31.27,2.08
447,上海沪翔高速站-江苏江阴南站,CQ26023189,2026/1/19 14:36,沪A63183D,237.26,197.24,40.02
448,上海沪翔高速站-江苏江阴南站,CQ26023187,2026/1/19 14:52,沪A31087D,237.26,197.24,40.02
449,上海沪翔高速站-江苏江阴南站,CQ26023186,2026/1/19 16:45,沪A67687D,231.27,197.24,34.03
450,上海白鹤路站-上海凌海路站,CQ26023810,2025/12/27 19:17,沪A61387D,18.24,10.03,8.21
451,上海莘砖公路站-上海新桥主线站,CQ26021349,2025/11/1 18:39,沪A60619D,6.08,4.76,1.32
452,上海莘砖公路站-上海新桥主线站,CQ26021130,2025/11/19 10:51,沪A60619D,6.08,4.76,1.32
453,上海莘砖公路站-上海新桥主线站,CQ26020989,2025/11/27 13:57,沪A93192D,6.08,4.76,1.32
454,上海莘砖公路站-上海新桥主线站,CQ26022206,2025/12/12 12:35,沪A93192D,6.08,4.76,1.32
455,上海莘砖公路站-上海新桥主线站,CQ26022151,2025/12/13 12:48,沪A93192D,6.08,4.76,1.32
456,上海莘砖公路站-上海新桥主线站,CQ26022039,2025/12/16 11:38,沪A93192D,6.08,4.76,1.32
457,上海莘砖公路站-上海新桥主线站,CQ26021531,2025/12/27 14:16,沪A93192D,6.08,4.76,1.32
458,上海莘砖公路站-上海新桥主线站,CQ26022480,2025/12/4 12:13,沪A93192D,6.08,4.76,1.32
459,上海莘砖公路站-上海新桥主线站,CQ26022462,2025/12/4 23:59,沪A93192D,6.08,4.76,1.32
460,上海莘砖公路站-上海新桥主线站,CQ26022429,2025/12/5 18:03,沪A93192D,6.08,4.76,1.32
461,上海莘砖公路站-上海新桥主线站,CQ26022419,2025/12/6 6:29,沪A93192D,6.08,4.76,1.32
462,上海莘砖公路站-上海新桥主线站,CQ26023263,2026/1/16 16:26,沪A60619D,6.08,4.76,1.32
463,上海莘砖公路站-上海新桥主线站,CQ26023225,2026/1/17 17:35,沪A60619D,6.08,4.76,1.32
464,上海莘砖公路站-上海新桥主线站,CQ26023240,2026/1/17 1:26,沪A93192D,6.08,4.76,1.32
465,上海莘砖公路站-上海新桥主线站,CQ26023243,2026/1/17 1:29,沪A60619D,6.08,4.76,1.32
466,上海莘砖公路站-上海新桥主线站,CQ26023217,2026/1/17 21:40,沪A31087D,6.08,4.76,1.32
467,上海莘砖公路站-上海新桥主线站,CQ26023204,2026/1/18 11:28,沪A60619D,6.08,4.76,1.32
468,上海莘砖公路站-上海新桥主线站,CQ26023140,2026/1/20 12:14,沪A93192D,6.08,4.76,1.32
469,上海莘砖公路站-上海新桥主线站,CQ26022870,2026/1/25 23:54,沪A93192D,6.08,4.76,1.32
470,上海莘砖公路站-上海新桥主线站,CQ26022787,2026/1/27 10:41,沪A60619D,6.08,4.76,1.32
471,上海莘砖公路站-上海新桥主线站,CQ26023678,2026/1/7 2:05,沪A62758D,6.08,4.76,1.32
472,上海莘砖公路站-上海新桥主线站,CQ26023665,2026/1/7 6:30,沪A60619D,6.08,4.76,1.32
473,上海莘砖公路站-上海新桥主线站,CQ26030373,2026/2/27 22:55,沪A31087D,6.08,4.76,1.32
474,上海莘砖公路站-上海新桥主线站,CQ26030363,2026/2/28 7:01,沪A60619D,6.08,4.76,1.32
475,上海莘砖公路站-上海新桥主线站,CQ26030222,2026/3/3 12:07,沪A69171D,6.08,4.76,1.32
476,上海莘砖公路站-上海新桥主线站,CQ26030225,2026/3/3 12:59,沪A93192D,6.08,4.76,1.32
477,上海莘砖公路站-上海新桥主线站,CQ26030074,2026/3/7 3:06,沪A31087D,6.08,4.76,1.32
478,上海蕰川路站-上海朱枫公路站申嘉湖,CQ26021010,2025/11/26 15:43,沪A82920D,23.75,15.92,7.83
479,上海蕰川路站-上海朱枫公路站申嘉湖,CQ26021323,2025/11/4 0:24,沪A82920D,23.75,15.92,7.83
480,上海蕰川路站-上海朱枫公路站申嘉湖,CQ26022162,2025/12/13 7:04,沪A69171D,23.75,15.92,7.83
481,上海蕰川路站-上海朱枫公路站申嘉湖,CQ26023951,2026/1/2 7:55,沪A82920D,23.75,15.92,7.83
482,上海蕰川路站-浙江秀洲(嘉兴西)站,CQ26022398,2025/12/3 13:21,沪A69190D,89.87,67.27,22.6
483,上海金山卫站-上海凌海路站,CQ26021122,2025/11/19 18:59,沪A87133D,31.28,29.42,1.86
484,上海金山卫站-上海凌海路站,CQ26021338,2025/11/2 17:22,沪A87133D,31.28,29.42,1.86
485,上海金山卫站-上海凌海路站,CQ26022857,2026/1/26 11:49,沪A65131D,31.28,29.42,1.86
486,上海金山卫站-上海同济高架路站,CQ26022513,2025/12/3 11:29,沪A67253D,29.42,24.11,5.31
487,上海金山卫站-上海同济高架路站,CQ26023378,2026/1/13 20:11,沪A63677D,29.42,24.11,5.31
488,上海金山卫站-上海同济高架路站,CQ26023373,2026/1/13 21:52,沪A62127D,29.42,24.11,5.31
489,上海金山卫站-上海同济高架路站,CQ26023089,2026/1/21 12:01,沪A67278D,29.42,24.11,5.31
490,上海金山卫站-上海同济高架路站,CQ26022939,2026/1/24 14:47,沪A31501D,29.42,24.11,5.31
491,上海金山卫站-上海同济高架路站,CQ26022930,2026/1/24 18:32,沪A62127D,29.42,24.11,5.31
492,上海金山卫站-上海同济高架路站,CQ26022885,2026/1/25 18:48,沪A62975D,29.42,24.11,5.31
493,上海金山卫站-上海同济高架路站,CQ26023739,2026/1/6 0:17,沪A63677D,29.42,24.11,5.31
494,上海金山卫站-上海周浦站,CQ26021177,2025/11/12 12:40,沪EF3165,65.39,60.77,4.62
495,上海金山卫站-上海周浦站,CQ26022790,2026/1/27 11:30,沪A62758D,65.39,60.77,4.62
496,上海金山卫站-上海周浦站,CQ26022770,2026/1/27 14:24,沪A73689D,65.39,60.77,4.62
497,上海金山卫站-上海周浦站,CQ26022769,2026/1/27 14:42,沪A75060D,65.39,60.77,4.62
498,上海金山卫站-上海周浦站,CQ26022764,2026/1/27 15:48,沪EF3165,65.39,60.77,4.62
499,上海金山卫站-上海林海公路站东南环,CQ26021017,2025/11/26 3:32,沪A87133D,39.41,31.28,8.13
500,上海金山卫站-上海沪崇站,CQ26021387,2025/12/30 15:15,沪A31501D,31.28,29.42,1.86
501,上海金山卫站-上海沪崇站,CQ26021390,2025/12/30 15:15,沪A87133D,31.28,29.42,1.86
502,上海金山卫站-上海沪翔高速站,CQ26022861,2026/1/26 11:19,沪A87133D,99.85,29.42,70.43
503,上海金山卫站-上海沪翔高速站,CQ26023743,2026/1/6 1:14,沪A87133D,99.85,29.42,70.43
504,上海金山卫站-上海沪翔高速站,CQ26021179,2025/11/15 15:18,沪A87133D,31.28,29.42,1.86
505,上海金山卫站-上海沪翔高速站,CQ26022037,2025/12/16 12:01,沪A69190D,31.28,29.42,1.86
506,上海金山卫站-上海沪翔高速站,CQ26023809,2025/12/31 10:33,沪GE7293,31.28,29.42,1.86
507,上海金山卫站-上海沪翔高速站,CQ26023828,2025/12/31 10:34,沪A87133D,31.28,29.42,1.86
508,上海金山卫站-上海沪翔高速站,CQ26024047,2025/12/31 19:08,沪GE7293,31.28,29.42,1.86
509,上海金山卫站-上海沪翔高速站,CQ26024015,2026/1/1 3:55,沪A87133D,31.28,29.42,1.86
510,上海金山卫站-上海沪翔高速站,CQ26023386,2026/1/13 19:27,沪A31501D,31.28,29.42,1.86
511,上海金山卫站-上海沪翔高速站,CQ26023388,2026/1/13 19:41,沪A82920D,31.28,29.42,1.86
512,上海金山卫站-上海沪翔高速站,CQ26023384,2026/1/13 19:43,沪A87133D,31.28,29.42,1.86
513,上海金山卫站-上海沪翔高速站,CQ26022889,2026/1/25 17:29,沪A31501D,31.28,29.42,1.86
514,上海金山卫站-上海沪翔高速站,CQ26022887,2026/1/25 17:29,沪A82920D,31.28,29.42,1.86
515,上海金山卫站-上海沪翔高速站,CQ26022628,2026/1/28 15:34,沪A31087D,31.28,29.42,1.86
516,上海金山卫站-上海沪翔高速站,CQ26022710,2026/1/28 15:46,沪A69171D,31.28,29.42,1.86
517,上海金山卫站-上海沪翔高速站,CQ26022656,2026/1/29 14:45,沪A87133D,31.28,29.42,1.86
518,上海金山卫站-上海沪翔高速站,CQ26022652,2026/1/29 16:56,沪A69171D,31.28,29.42,1.86
519,上海金山卫站-上海沪翔高速站,CQ26023687,2026/1/6 19:55,沪A87133D,31.28,29.42,1.86
520,上海金山卫站-上海蕰川路站,CQ26024013,2026/1/1 9:09,沪A63183D,31.28,29.42,1.86
521,上海金山卫站-上海高东站,CQ26022890,2026/1/25 15:26,沪A67858D,93.45,29.5,63.95
522,上海金山卫站-上海高东站,CQ26021181,2025/11/15 13:36,沪A82920D,41.48,29.5,11.98
523,上海金山卫站-上海高东站,CQ26021242,2025/11/9 14:07,沪A82920D,41.48,29.5,11.98
524,上海金山卫站-上海高东站,CQ26021989,2025/12/17 13:45,沪A31087D,41.48,29.5,11.98
525,上海金山卫站-上海高东站,CQ26021986,2025/12/17 14:59,沪A61235D,41.48,29.5,11.98
526,上海金山卫站-上海高东站,CQ26021982,2025/12/17 16:10,沪A63677D,41.48,29.5,11.98
527,上海金山卫站-上海高东站,CQ26021981,2025/12/17 17:46,沪A82920D,41.48,29.5,11.98
528,上海金山卫站-上海高东站,CQ26021817,2025/12/21 12:03,沪A63677D,41.48,29.5,11.98
529,上海金山卫站-上海高东站,CQ26021818,2025/12/21 13:37,沪A82920D,41.48,29.5,11.98
530,上海金山卫站-上海高东站,CQ26021731,2025/12/23 11:43,沪A82920D,41.48,29.5,11.98
531,上海金山卫站-上海高东站,CQ26021388,2025/12/30 15:17,沪A69190D,41.48,29.5,11.98
532,上海金山卫站-上海高东站,CQ26023380,2026/1/13 19:48,沪A62975D,41.48,29.5,11.98
533,上海金山卫站-上海高东站,CQ26023096,2026/1/21 10:41,沪A67858D,41.48,29.5,11.98
534,上海金山卫站-上海高东站,CQ26023083,2026/1/21 13:54,沪A69190D,41.48,29.5,11.98
535,上海金山卫站-上海高东站,CQ26023044,2026/1/22 11:12,沪A62975D,41.48,29.5,11.98
536,上海金山卫站-上海高东站,CQ26023049,2026/1/22 11:44,沪A67278D,41.48,29.5,11.98
537,上海金山卫站-上海高东站,CQ26023043,2026/1/22 12:56,沪A62127D,41.48,29.5,11.98
538,上海金山卫站-上海高东站,CQ26023020,2026/1/22 22:43,沪A62975D,41.48,29.5,11.98
539,上海金山卫站-上海高东站,CQ26022883,2026/1/25 18:53,沪A62127D,41.48,29.5,11.98
540,上海金山卫站-上海高东站,CQ26022780,2026/1/27 13:22,沪A69171D,41.48,29.5,11.98
541,上海金山卫站-上海高东站,CQ26022781,2026/1/27 13:24,沪GE7293,41.48,29.5,11.98
542,上海金山卫站-上海高东站,CQ26022757,2026/1/27 20:57,沪A31087D,41.48,29.5,11.98
543,上海金山卫站-上海高东站,CQ26022746,2026/1/27 22:23,沪A62127D,41.48,29.5,11.98
544,上海金山卫站-上海高东站,CQ26022745,2026/1/27 22:31,沪A62975D,41.48,29.5,11.98
545,上海金山卫站-上海高东站,CQ26022660,2026/1/29 14:59,沪A82920D,41.48,29.5,11.98
546,上海金山卫站-上海高东站,CQ26022646,2026/1/29 17:33,沪A67278D,41.48,29.5,11.98
547,上海金山卫站-上海高东站,CQ26023738,2026/1/6 0:45,沪A67858D,41.48,29.5,11.98
548,上海金山卫站-上海高东站,CQ26023628,2026/1/6 12:51,沪GE7293,41.48,29.5,11.98
549,上海金山卫站-上海高东站,CQ26023698,2026/1/6 19:15,沪A31087D,41.48,29.5,11.98
550,上海金山卫站-上海高东站,CQ26023740,2026/1/6 1:01,沪A82920D,41.48,29.5,11.98
551,上海金山卫站-上海高东站,CQ26023684,2026/1/6 21:49,沪GE7293,41.48,29.5,11.98
552,上海金山卫站-上海高东站,CQ26023652,2026/1/7 12:23,沪A63677D,41.48,29.5,11.98
553,上海金山卫站-上海高东站,CQ26023640,2026/1/7 16:10,沪A62127D,41.48,29.5,11.98
554,上海金山卫站-上海高东站,CQ26021717,2025/12/23 16:41,沪A63677D,36.87,29.5,7.37
555,上海金山卫站-上海高东站,CQ26023401,2026/1/13 11:56,沪A63183D,36.87,29.5,7.37
556,上海金山卫站-上海高东站,CQ26023404,2026/1/13 11:57,沪A82920D,36.87,29.5,7.37
557,上海金山卫站-上海高东站,CQ26023344,2026/1/14 18:40,沪A62758D,31.28,29.5,1.78
558,上海颛桥站-上海大叶公路站莘奉金,CQ26022071,2025/12/15 12:07,沪GE7293,20.06,14.57,5.49
559,上海高东站-S19金山卫,CQ26023431,2026/1/12 22:01,沪A63183D,41.48,22.67,18.81
560,上海高东站-S19金山卫,CQ26022803,2026/1/27 7:39,沪A63183D,41.48,22.67,18.81
561,上海高东站-上海临港站,CQ26023509,2026/1/10 9:49,沪A72605D,77.18,10.03,67.15
562,上海高东站-上海金山卫站,CQ26021187,2025/11/15 1:53,沪A82920D,41.48,22.67,18.81
563,上海高东站-上海金山卫站,CQ26021137,2025/11/18 20:47,沪A82920D,41.48,22.67,18.81
564,上海高东站-上海金山卫站,CQ26021025,2025/11/22 9:15,沪A67687D,41.48,22.67,18.81
565,上海高东站-上海金山卫站,CQ26021252,2025/11/8 16:15,沪A82920D,41.48,22.67,18.81
566,上海高东站-上海金山卫站,CQ26022266,2025/12/11 8:28,沪A63677D,41.48,22.67,18.81
567,上海高东站-上海金山卫站,CQ26022017,2025/12/16 19:49,沪A61235D,41.48,22.67,18.81
568,上海高东站-上海金山卫站,CQ26021992,2025/12/17 8:19,沪A63677D,41.48,22.67,18.81
569,上海高东站-上海金山卫站,CQ26021994,2025/12/17 9:35,沪A82920D,41.48,22.67,18.81
570,上海高东站-上海金山卫站,CQ26021841,2025/12/20 20:19,沪A63677D,41.48,22.67,18.81
571,上海高东站-上海金山卫站,CQ26021840,2025/12/20 21:28,沪A82920D,41.48,22.67,18.81
572,上海高东站-上海金山卫站,CQ26021751,2025/12/22 22:04,沪A82920D,41.48,22.67,18.81
573,上海高东站-上海金山卫站,CQ26021735,2025/12/23 8:17,沪A67858D,41.48,22.67,18.81
574,上海高东站-上海金山卫站,CQ26021410,2025/12/30 3:10,沪A62975D,41.48,22.67,18.81
575,上海高东站-上海金山卫站,CQ26023938,2025/12/30 3:10,沪A69190D,41.48,22.67,18.81
576,上海高东站-上海金山卫站,CQ26023879,2025/12/31 10:35,沪A67858D,41.48,22.67,18.81
577,上海高东站-上海金山卫站,CQ26023832,2025/12/31 14:41,沪A63183D,41.48,22.67,18.81
578,上海高东站-上海金山卫站,CQ26023803,2025/12/31 6:48,沪A62975D,41.48,22.67,18.81
579,上海高东站-上海金山卫站,CQ26023397,2026/1/13 14:48,沪A63677D,41.48,22.67,18.81
580,上海高东站-上海金山卫站,CQ26023394,2026/1/13 16:00,沪A82920D,41.48,22.67,18.81
581,上海高东站-上海金山卫站,CQ26023391,2026/1/13 17:40,沪A67858D,41.48,22.67,18.81
582,上海高东站-上海金山卫站,CQ26023081,2026/1/21 14:55,沪A67858D,41.48,22.67,18.81
583,上海高东站-上海金山卫站,CQ26023075,2026/1/21 18:03,沪A62975D,41.48,22.67,18.81
584,上海高东站-上海金山卫站,CQ26023106,2026/1/21 7:24,沪A62975D,41.48,22.67,18.81
585,上海高东站-上海金山卫站,CQ26022952,2026/1/24 11:06,沪A67278D,41.48,22.67,18.81
586,上海高东站-上海金山卫站,CQ26022944,2026/1/24 13:03,沪A75060D,41.48,22.67,18.81
587,上海高东站-上海金山卫站,CQ26022951,2026/1/24 9:55,沪A62127D,41.48,22.67,18.81
588,上海高东站-上海金山卫站,CQ26022904,2026/1/25 7:20,沪A31087D,41.48,22.67,18.81
589,上海高东站-上海金山卫站,CQ26022851,2026/1/26 12:11,沪A75060D,41.48,22.67,18.81
590,上海高东站-上海金山卫站,CQ26022680,2026/1/29 9:05,沪A67278D,41.48,22.67,18.81
591,上海高东站-上海金山卫站,CQ26023758,2026/1/5 21:35,沪A63677D,41.48,22.67,18.81
592,上海高东站-上海金山卫站,CQ26023729,2026/1/6 5:36,沪A82920D,41.48,22.67,18.81
593,上海高东站-上海金山卫站,CQ26023499,2026/1/7 10:05,沪A62127D,41.48,22.67,18.81
594,上海高东站-上海金山卫站,CQ26023662,2026/1/7 7:21,沪A63677D,41.48,22.67,18.81
595,上海高东站-上海金山卫站,CQ26030275,2026/3/2 12:18,沪A31501D,41.48,22.67,18.81
596,上海高东站-上海金山卫站,CQ26022436,2025/12/2 7:22,沪A63677D,40.26,22.67,17.59
597,上海高东站-上海金山卫站,CQ26023376,2026/1/13 22:36,沪A62758D,40.26,22.67,17.59
598,上海高东站-上海金山卫站,CQ26023071,2026/1/21 20:55,沪A67278D,40.26,22.67,17.59
599,上海高东站-上海金山卫站,CQ26023707,2026/1/6 13:57,沪A31087D,40.26,22.67,17.59
600,上海高东站-上海金山卫站,CQ26023117,2026/1/20 23:00,沪A67858D,36.87,22.67,14.2
601,上海高东站-上海金山卫站,CQ26023082,2026/1/21 15:16,沪A62127D,36.87,22.67,14.2
602,上海高东站-上海金山卫站,CQ26023102,2026/1/21 9:03,沪A61387D,36.87,22.67,14.2
603,上海高东站-上海金山卫站,CQ26023042,2026/1/22 12:10,沪A62758D,36.87,22.67,14.2
604,上海高东站-上海金山卫站,CQ26023059,2026/1/22 5:21,沪A62127D,36.87,22.67,14.2
605,上海高东站-上海金山卫站,CQ26022959,2026/1/24 7:16,沪A31087D,36.87,22.67,14.2
606,上海高东站-上海金山卫站,CQ26022910,2026/1/25 4:06,沪A67858D,36.87,22.67,14.2
607,上海高东站-上海金山卫站,CQ26022899,2026/1/25 8:28,沪A62127D,36.87,22.67,14.2
608,上海高东站-上海金山卫站,CQ26022674,2026/1/29 9:02,沪A62127D,36.87,22.67,14.2
609,上海高东站-上海金山卫站,CQ26023759,2026/1/5 21:43,沪A67858D,36.87,22.67,14.2
610,上海高东站-上海金山卫站,CQ26023699,2026/1/6 15:02,沪A67858D,36.87,22.67,14.2
611,上海高东站-上海金山卫站,CQ26022314,2025/12/10 7:37,沪A67858D,31.28,22.67,8.61
612,上海高东站-上海金山卫站,CQ26022950,2026/1/24 10:27,沪A62758D,31.28,22.67,8.61
613,上海高东站-上海金山卫站,CQ26022800,2026/1/27 9:15,沪A69171D,31.28,22.67,8.61
614,上海高东站-上海金山卫站,CQ26022678,2026/1/29 9:46,沪A69171D,31.28,22.67,8.61
615,上海高东站-上海金海路站,CQ26020797,2025/10/30 15:07,沪A59069D,7.19,5.72,1.47
616,上海高东站-上海金海路站,CQ26021201,2025/11/13 16:57,沪A60619D,7.19,5.72,1.47
617,上海高东站-上海金海路站,CQ26021142,2025/11/18 16:58,沪A72605D,7.19,5.72,1.47
618,上海高东站-上海金海路站,CQ26021096,2025/11/21 18:05,沪A72605D,7.19,5.72,1.47
619,上海高东站-上海金海路站,CQ26021099,2025/11/21 18:09,沪A82920D,7.19,5.72,1.47
620,上海高东站-上海金海路站,CQ26021002,2025/11/26 23:36,沪A60619D,7.19,5.72,1.47
621,上海高东站-上海金海路站,CQ26022596,2025/11/29 20:03,沪A60619D,7.19,5.72,1.47
622,上海高东站-上海金海路站,CQ26021308,2025/11/5 14:04,沪A72605D,7.19,5.72,1.47
623,上海高东站-上海金海路站,CQ26022208,2025/12/12 11:44,沪A72605D,7.19,5.72,1.47
624,上海高东站-上海金海路站,CQ26022195,2025/12/12 18:27,苏E32686D,7.19,5.72,1.47
625,上海高东站-上海金海路站,CQ26022180,2025/12/13 1:20,沪A72605D,7.19,5.72,1.47
626,上海高东站-上海金海路站,CQ26022041,2025/12/16 10:46,苏E32686D,7.19,5.72,1.47
627,上海高东站-上海金海路站,CQ26021923,2025/12/19 7:38,沪A93192D,7.19,5.72,1.47
628,上海高东站-上海金海路站,CQ26021756,2025/12/22 20:50,沪A63677D,7.19,5.72,1.47
629,上海高东站-上海金海路站,CQ26022502,2025/12/3 15:49,沪A73689D,7.19,5.72,1.47
630,上海高东站-上海金海路站,CQ26022500,2025/12/3 18:20,沪A72605D,7.19,5.72,1.47
631,上海高东站-上海金海路站,CQ26022401,2025/12/6 20:21,沪A60619D,7.19,5.72,1.47
632,上海高东站-上海金海路站,CQ26022399,2025/12/6 20:55,沪A72605D,7.19,5.72,1.47
633,上海高东站-上海金海路站,CQ26023523,2026/1/10 0:33,沪A60619D,7.19,5.72,1.47
634,上海高东站-上海金海路站,CQ26023515,2026/1/10 5:14,沪A60619D,7.19,5.72,1.47
635,上海高东站-上海金海路站,CQ26023475,2026/1/11 12:00,苏E32686D,7.19,5.72,1.47
636,上海高东站-上海金海路站,CQ26023452,2026/1/12 13:11,苏E32686D,7.19,5.72,1.47
637,上海高东站-上海金海路站,CQ26023448,2026/1/12 15:00,沪A73689D,7.19,5.72,1.47
638,上海高东站-上海金海路站,CQ26023444,2026/1/12 17:34,沪A65131D,7.19,5.72,1.47
639,上海高东站-上海金海路站,CQ26023219,2026/1/17 20:39,沪A93192D,7.19,5.72,1.47
640,上海高东站-上海金海路站,CQ26023931,2026/1/2 12:08,沪A65131D,7.19,5.72,1.47
641,上海高东站-上海金海路站,CQ26023038,2026/1/22 14:56,沪A93192D,7.19,5.72,1.47
642,上海高东站-上海金海路站,CQ26022988,2026/1/23 13:25,沪A93192D,7.19,5.72,1.47
643,上海高东站-上海金海路站,CQ26022663,2026/1/29 12:30,沪A93192D,7.19,5.72,1.47
644,上海高东站-上海金海路站,CQ26023873,2026/1/3 16:04,沪A73689D,7.19,5.72,1.47
645,上海高东站-上海金海路站,CQ26023881,2026/1/3 17:01,沪A63677D,7.19,5.72,1.47
646,上海高东站-上海金海路站,CQ26023546,2026/1/9 14:37,沪A63677D,7.19,5.72,1.47
647,上海高东站-上海金海路站,CQ26030256,2026/3/2 21:47,沪A73689D,7.19,5.72,1.47
648,上海高东站-上海金海路站,CQ26030253,2026/3/2 21:52,沪A72605D,7.19,5.72,1.47
649,上海高东站-上海金海路站,CQ26030226,2026/3/3 11:26,沪A65131D,7.19,5.72,1.47
650,上海高东站-上海金海路站,CQ26030178,2026/3/4 15:02,苏E32686D,7.19,5.72,1.47
651,上海高东站-上海金海路站,CQ26030170,2026/3/4 18:10,沪A60619D,7.19,5.72,1.47
652,上海高东站-上海金海路站,CQ26030164,2026/3/4 19:48,沪A61235D,7.19,5.72,1.47
653,上海高东站-上海金海路站,CQ26030195,2026/3/4 5:03,沪A65131D,7.19,5.72,1.47
654,上海高东站-上海金海路站,CQ26030128,2026/3/5 15:52,沪A60619D,7.19,5.72,1.47
655,上海高东站-上海金海路站,CQ26030158,2026/3/5 3:10,沪A72605D,7.19,5.72,1.47
656,上海高东站-上海金海路站,CQ26030159,2026/3/5 3:46,沪A63677D,7.19,5.72,1.47
657,上海高东站-上海金海路站,CQ26030088,2026/3/6 15:54,沪A72605D,7.19,5.72,1.47
658,上海高东站-上海金海路站,CQ26030061,2026/3/7 19:55,沪A72605D,7.19,5.72,1.47
659,上海高东站-上海金海路站,CQ26030059,2026/3/7 21:15,沪A61235D,7.19,5.72,1.47
660,上海高东站-上海金海路站,CQ26030060,2026/3/7 21:16,沪A65131D,7.19,5.72,1.47
661,上海高东站-上海金海路站,CQ26030050,2026/3/7 22:41,沪A60619D,7.19,5.72,1.47
662,上海高东站-上海金海路站,CQ26030047,2026/3/7 23:13,沪A65131D,7.19,5.72,1.47
663,上海高东站-上海金海路站,CQ26030046,2026/3/7 23:42,沪A82920D,7.19,5.72,1.47
664,上海高东站-浙江新仓(独山港东)站,CQ26023858,2025/12/31 15:12,沪A65131D,46.93,36.73,10.2
665,上海高东站-浙江新仓(独山港东)站,CQ26023897,2025/12/31 2:54,沪A72605D,46.93,36.73,10.2
666,上海高东站-浙江新仓(独山港东)站,CQ26023887,2025/12/31 6:10,沪A61221D,46.93,36.73,10.2
667,上海高东站-浙江新仓(独山港东)站,CQ26023295,2026/1/12 21:28,沪A61387D,46.93,36.73,10.2
668,上海高东站-浙江新仓(独山港东)站,CQ26023288,2026/1/12 23:23,沪A61235D,46.93,36.73,10.2
669,上海高东站-浙江新仓(独山港东)站,CQ26023253,2026/1/13 15:32,沪A62975D,46.93,36.73,10.2
670,上海高东站-浙江新仓(独山港东)站,CQ26023254,2026/1/13 15:33,沪A31501D,46.93,36.73,10.2
671,上海高东站-浙江新仓(独山港东)站,CQ26023249,2026/1/13 16:32,沪A67687D,46.93,36.73,10.2
672,上海高东站-浙江新仓(独山港东)站,CQ26023248,2026/1/13 16:36,沪A62127D,46.93,36.73,10.2
673,上海高东站-浙江新仓(独山港东)站,CQ26023244,2026/1/13 16:38,沪A67278D,46.93,36.73,10.2
674,上海高东站-浙江新仓(独山港东)站,CQ26023250,2026/1/13 16:39,沪A72605D,46.93,36.73,10.2
675,上海高东站-浙江新仓(独山港东)站,CQ26023252,2026/1/13 16:45,沪A61235D,46.93,36.73,10.2
676,上海高东站-浙江新仓(独山港东)站,CQ26023284,2026/1/13 2:05,沪A63677D,46.93,36.73,10.2
677,上海高东站-浙江新仓(独山港东)站,CQ26023285,2026/1/13 2:05,沪A82920D,46.93,36.73,10.2
678,上海高东站-浙江新仓(独山港东)站,CQ26022922,2026/1/21 13:57,沪A61235D,46.93,36.73,10.2
679,上海高东站-浙江新仓(独山港东)站,CQ26022911,2026/1/21 19:20,沪A61221D,46.93,36.73,10.2
680,上海高东站-浙江新仓(独山港东)站,CQ26022935,2026/1/21 7:29,沪A67278D,46.93,36.73,10.2
681,上海高东站-浙江新仓(独山港东)站,CQ26022934,2026/1/21 7:53,沪A65131D,46.93,36.73,10.2
682,上海高东站-浙江新仓(独山港东)站,CQ26022941,2026/1/21 8:56,沪A61221D,46.93,36.73,10.2
683,上海高东站-浙江新仓(独山港东)站,CQ26022875,2026/1/22 14:31,沪A61221D,46.93,36.73,10.2
684,上海高东站-浙江新仓(独山港东)站,CQ26022874,2026/1/22 14:39,沪A62975D,46.93,36.73,10.2
685,上海高东站-浙江新仓(独山港东)站,CQ26022871,2026/1/22 15:34,沪A67278D,46.93,36.73,10.2
686,上海高东站-浙江新仓(独山港东)站,CQ26022776,2026/1/24 8:02,沪A31501D,46.93,36.73,10.2
687,上海高东站-浙江新仓(独山港东)站,CQ26022772,2026/1/24 8:02,沪A67253D,46.93,36.73,10.2
688,上海高东站-浙江新仓(独山港东)站,CQ26022773,2026/1/24 8:39,沪A61221D,46.93,36.73,10.2
689,上海高东站-浙江新仓(独山港东)站,CQ26022766,2026/1/24 9:42,沪A72605D,46.93,36.73,10.2
690,上海高东站-浙江新仓(独山港东)站,CQ26022711,2026/1/25 10:28,沪A72605D,46.93,36.73,10.2
691,上海高东站-浙江新仓(独山港东)站,CQ26022691,2026/1/25 19:42,沪A65131D,46.93,36.73,10.2
692,上海高东站-浙江新仓(独山港东)站,CQ26022696,2026/1/25 20:02,沪A67858D,46.93,36.73,10.2
693,上海高东站-浙江新仓(独山港东)站,CQ26022692,2026/1/25 20:02,沪A67253D,46.93,36.73,10.2
694,上海高东站-浙江新仓(独山港东)站,CQ26022712,2026/1/25 9:12,沪A62975D,46.93,36.73,10.2
695,上海高东站-浙江新仓(独山港东)站,CQ26022713,2026/1/25 9:12,沪A82920D,46.93,36.73,10.2
696,上海高东站-浙江新仓(独山港东)站,CQ26022714,2026/1/25 9:53,沪A31501D,46.93,36.73,10.2
697,上海高东站-浙江新仓(独山港东)站,CQ26022673,2026/1/26 1:31,沪A63677D,46.93,36.73,10.2
698,上海高东站-浙江新仓(独山港东)站,CQ26022648,2026/1/26 9:44,沪A72605D,46.93,36.73,10.2
699,上海高东站-浙江新仓(独山港东)站,CQ26023572,2026/1/5 21:48,沪A72605D,46.93,36.73,10.2
700,上海高东站-浙江新仓(独山港东)站,CQ26023568,2026/1/5 21:57,沪A65131D,46.93,36.73,10.2
701,上海高东站-浙江新仓(独山港东)站,CQ26023573,2026/1/5 21:57,沪A63183D,46.93,36.73,10.2
702,上海高东站-浙江新仓(独山港东)站,CQ26023571,2026/1/5 22:21,沪A82920D,46.93,36.73,10.2
703,上海高东站-浙江新仓(独山港东)站,CQ26023531,2026/1/6 15:14,沪A61221D,46.93,36.73,10.2
704,上海高东站-浙江新仓(独山港东)站,CQ26023530,2026/1/6 15:35,沪A67278D,46.93,36.73,10.2
705,上海高东站-浙江新仓(独山港东)站,CQ26023960,2025/12/30 0:36,沪A31501D,42.32,36.73,5.59
706,上海高东站-浙江新仓(独山港东)站,CQ26023945,2025/12/30 2:09,沪A61221D,42.32,36.73,5.59
707,上海高东站-浙江新仓(独山港东)站,CQ26022917,2026/1/21 18:47,沪A65131D,42.32,36.73,5.59
708,上海高东站-浙江新仓(独山港东)站,CQ26022892,2026/1/22 5:31,沪A63677D,42.32,36.73,5.59
709,上海高东站-浙江新仓(独山港东)站,CQ26022893,2026/1/22 5:43,沪A61235D,42.32,36.73,5.59
710,上海高东站-浙江新仓(独山港东)站,CQ26022753,2026/1/24 13:23,沪A61235D,42.32,36.73,5.59
711,上海高东站-浙江新仓(独山港东)站,CQ26022782,2026/1/24 6:19,沪A63677D,42.32,36.73,5.59
712,上海高东站-浙江新仓(独山港东)站,CQ26022775,2026/1/24 8:01,沪A62975D,42.32,36.73,5.59
713,上海高东站-浙江新仓(独山港东)站,CQ26022601,2026/1/27 7:36,沪A67253D,42.32,36.73,5.59
714,上海高东站-浙江新仓(独山港东)站,CQ26023525,2026/1/6 15:38,沪A62975D,42.32,36.73,5.59
715,上海高东站-浙江新仓(独山港东)站,CQ26023528,2026/1/6 15:48,沪GE7293,42.32,36.73,5.59
716,安徽南淝河路站-安徽集贤路站,CQ26020938,2025/10/13 12:14,沪EF3165,25.73,23.82,1.91
717,安徽南淝河路站-安徽集贤路站,CQ26020845,2025/10/26 12:04,沪EF3165,25.73,23.82,1.91
718,安徽南淝河路站-安徽集贤路站,CQ26022094,2025/12/15 12:39,沪A69171D,25.73,23.82,1.91
719,安徽南淝河路站-安徽集贤路站,CQ26021487,2025/12/28 19:27,沪EF3165,25.73,23.82,1.91
720,安徽南淝河路站-安徽集贤路站,CQ26021418,2025/12/30 9:56,沪A63183D,25.73,23.82,1.91
721,安徽南淝河路站-安徽集贤路站,CQ26022686,2026/1/29 11:17,沪A63183D,25.73,23.82,1.91
722,安徽南淝河路站-安徽集贤路站,CQ26022695,2026/1/29 11:19,沪A31501D,25.73,23.82,1.91
723,安徽南淝河路站-安徽集贤路站,CQ26022693,2026/1/29 11:19,沪A62975D,25.73,23.82,1.91
724,安徽南淝河路站-安徽集贤路站,CQ26023618,2026/1/8 11:04,沪A31087D,25.73,23.82,1.91
725,安徽曹庄站-安徽滁州北站,CQ26021809,2025/12/22 11:37,沪A61387D,55.17,47.02,8.15
726,安徽滁州北站-安徽曹庄站,CQ26021804,2025/12/22 15:43,沪A61387D,55.17,47.02,8.15
727,安徽芜湖大桥-安徽芜湖大桥,CQ26022185,2025/12/13 17:31,沪A31087D,71.46,28.59,42.87
728,安徽芜湖大桥-安徽芜湖大桥,CQ26022020,2025/12/17 14:25,沪EF3165,71.46,28.59,42.87
729,安徽芜湖大桥-安徽芜湖大桥,CQ26021879,2025/12/20 23:38,沪A69171D,71.46,28.59,42.87
730,安徽芜湖大桥-安徽芜湖大桥,CQ26021673,2025/12/25 20:39,沪A63183D,71.46,28.59,42.87
731,安徽芜湖大桥-安徽芜湖大桥,CQ26021455,2025/12/29 21:59,沪A63183D,71.46,28.59,42.87
732,安徽芜湖大桥-安徽芜湖大桥,CQ26022382,2025/12/8 18:27,沪EF3165,71.46,28.59,42.87
733,安徽芜湖大桥-安徽芜湖大桥,CQ26022381,2025/12/8 18:55,沪A62758D,71.46,28.59,42.87
734,安徽芜湖大桥-安徽芜湖大桥,CQ26023381,2026/1/14 15:28,沪EF3165,71.46,28.59,42.87
735,安徽芜湖大桥-安徽芜湖大桥,CQ26023331,2026/1/15 23:39,沪GE7293,71.46,28.59,42.87
736,安徽芜湖大桥-安徽芜湖大桥,CQ26023098,2026/1/22 3:19,沪EF3165,71.46,28.59,42.87
737,安徽芜湖大桥-安徽芜湖大桥,CQ26023822,2026/1/1 5:00,沪EF3165,66.7,28.59,38.11
738,安徽蜀山站-安徽三十头站,CQ26021793,2025/12/22 10:21,沪EF3165,70.51,64.79,5.72
739,安徽蜀山站-安徽龙塘站,CQ26020935,2025/10/13 19:33,沪EF3165,52.9,48.6,4.3
740,安徽蜀山站-安徽龙塘站,CQ26020808,2025/10/29 23:06,沪EF3165,52.9,48.6,4.3
741,安徽蜀山站-安徽龙塘站,CQ26021186,2025/11/15 13:03,沪EF3165,52.9,48.6,4.3
742,安徽蜀山站-安徽龙塘站,CQ26021128,2025/11/19 20:14,沪EF3165,52.9,48.6,4.3
743,安徽蜀山站-安徽龙塘站,CQ26022166,2025/12/13 13:51,沪A63183D,52.9,48.6,4.3
744,安徽蜀山站-安徽龙塘站,CQ26022167,2025/12/13 15:04,沪GE7293,52.9,48.6,4.3
745,安徽蜀山站-安徽龙塘站,CQ26022064,2025/12/16 4:36,沪A69171D,52.9,48.6,4.3
746,安徽蜀山站-安徽龙塘站,CQ26022000,2025/12/17 11:46,沪EF3165,52.9,48.6,4.3
747,安徽蜀山站-安徽龙塘站,CQ26023829,2025/12/31 20:38,沪EF3165,52.9,48.6,4.3
748,安徽蜀山站-安徽龙塘站,CQ26022460,2025/12/5 11:26,沪EF3165,52.9,48.6,4.3
749,安徽蜀山站-安徽龙塘站,CQ26022377,2025/12/8 15:50,沪EF3165,52.9,48.6,4.3
750,安徽蜀山站-安徽龙塘站,CQ26023367,2026/1/14 11:52,沪EF3165,52.9,48.6,4.3
751,安徽蜀山站-安徽龙塘站,CQ26023045,2026/1/22 19:29,沪EF3165,52.9,48.6,4.3
752,安徽蜀山站-安徽龙塘站,CQ26022908,2026/1/25 13:29,沪GE7293,52.9,48.6,4.3
753,安徽蜀山站-安徽龙塘站,CQ26022675,2026/1/29 16:50,沪A62975D,52.9,48.6,4.3
754,安徽蜀山站-安徽龙塘站,CQ26022676,2026/1/29 16:50,沪A67858D,52.9,48.6,4.3
755,安徽蜀山站-安徽龙塘站,CQ26023607,2026/1/8 19:28,沪EF3165,52.9,48.6,4.3
756,安徽蜀山站-安徽龙塘站,CQ26030094,2026/3/6 21:15,沪GE7293,52.9,48.6,4.3
757,安徽龙塘站-安徽蜀山站,CQ26020813,2025/10/29 14:43,沪EF3165,52.9,48.6,4.3
758,安徽龙塘站-安徽蜀山站,CQ26021199,2025/11/14 9:04,沪EF3165,52.9,48.6,4.3
759,安徽龙塘站-安徽蜀山站,CQ26021121,2025/11/18 12:33,沪EF3165,52.9,48.6,4.3
760,安徽龙塘站-安徽蜀山站,CQ26022229,2025/12/12 12:08,沪GE7293,52.9,48.6,4.3
761,安徽龙塘站-安徽蜀山站,CQ26022118,2025/12/14 13:33,沪EF3165,52.9,48.6,4.3
762,安徽龙塘站-安徽蜀山站,CQ26022008,2025/12/17 9:01,沪A63183D,52.9,48.6,4.3
763,安徽龙塘站-安徽蜀山站,CQ26021821,2025/12/21 19:06,沪EF3165,52.9,48.6,4.3
764,安徽龙塘站-安徽蜀山站,CQ26022491,2025/12/4 10:13,沪EF3165,52.9,48.6,4.3
765,安徽龙塘站-安徽蜀山站,CQ26022482,2025/12/4 21:23,沪A62758D,52.9,48.6,4.3
766,安徽龙塘站-安徽蜀山站,CQ26022393,2025/12/7 17:19,沪EF3165,52.9,48.6,4.3
767,安徽龙塘站-安徽蜀山站,CQ26022388,2025/12/8 0:08,沪A62758D,52.9,48.6,4.3
768,安徽龙塘站-安徽蜀山站,CQ26023463,2026/1/12 7:33,沪GE7293,52.9,48.6,4.3
769,安徽龙塘站-安徽蜀山站,CQ26023369,2026/1/14 9:43,沪EF3165,52.9,48.6,4.3
770,安徽龙塘站-安徽蜀山站,CQ26023051,2026/1/22 17:38,沪EF3165,52.9,48.6,4.3
771,安徽龙塘站-安徽蜀山站,CQ26022734,2026/1/28 12:04,沪GE7293,52.9,48.6,4.3
772,安徽龙塘站-安徽蜀山站,CQ26022694,2026/1/29 10:31,沪A60619D,52.9,48.6,4.3
773,安徽龙塘站-安徽蜀山站,CQ26022626,2026/1/30 10:13,沪A73689D,52.9,48.6,4.3
774,安徽龙塘站-安徽蜀山站,CQ26023732,2026/1/6 10:31,沪EF3165,52.9,48.6,4.3
775,安徽龙塘站-安徽蜀山站,CQ26023611,2026/1/8 17:18,沪EF3165,52.9,48.6,4.3
776,安徽龙塘站-安徽蜀山站,CQ26023576,2026/1/9 11:24,沪A62758D,52.9,48.6,4.3
777,安徽龙塘站-安徽蜀山站,CQ26030369,2026/2/28 9:00,沪GE7293,52.9,48.6,4.3
778,安徽龙塘站-安徽蜀山站,CQ26030109,2026/3/6 12:51,沪GE7293,52.9,48.6,4.3
779,暨阳轮渡停车场-暨阳轮渡停车场,CQ26023821,2026/1/1 7:36,沪A75060D,150.45,135.41,15.04
780,暨阳轮渡停车场-暨阳轮渡停车场,CQ26024022,2026/1/1 19:26,沪A73689D,145.44,135.41,10.03
781,暨阳轮渡停车场-暨阳轮渡停车场,CQ26020905,2025/10/18 10:19,沪A87133D,140.42,135.41,5.01
782,江苏上党站-江苏瓜洲站,CQ26021805,2025/12/22 8:22,沪A61387D,151.45,143.81,7.64
783,江苏上党站-江苏瓜洲站,CQ26030322,2026/3/1 10:02,沪A62758D,143.85,143.81,0.04
784,江苏上党站-江苏瓜洲站,CQ26030293,2026/3/2 12:39,沪GE7293,143.85,143.81,0.04
785,江苏将军大道站-安徽巢湖收费站,CQ26023478,2026/1/12 5:52,沪GE7293,280.84,261.03,19.81
786,江苏将军大道站-安徽郑蒲港站,CQ26022148,2025/12/13 21:14,沪A62127D,185.12,171.33,13.79
787,江苏将军大道站-安徽郑蒲港站,CQ26022106,2025/12/14 22:22,沪A62975D,185.12,171.33,13.79
788,江苏将军大道站-安徽郑蒲港站,CQ26022104,2025/12/15 3:02,沪A67278D,185.12,171.33,13.79
789,江苏将军大道站-安徽郑蒲港站,CQ26022101,2025/12/15 7:47,沪A61235D,185.12,171.33,13.79
790,江苏将军大道站-安徽郑蒲港站,CQ26021876,2025/12/20 12:50,沪A67687D,185.12,171.33,13.79
791,江苏将军大道站-安徽郑蒲港站,CQ26021870,2025/12/20 16:15,沪A72605D,185.12,171.33,13.79
792,江苏将军大道站-安徽郑蒲港站,CQ26021888,2025/12/20 8:46,沪A31087D,185.12,171.33,13.79
793,江苏将军大道站-安徽郑蒲港站,CQ26021746,2025/12/23 10:50,沪A62127D,185.12,171.33,13.79
794,江苏将军大道站-安徽郑蒲港站,CQ26021745,2025/12/23 10:53,沪A31087D,185.12,171.33,13.79
795,江苏曹庄站-江苏曹庄站,CQ26021801,2025/12/22 11:17,沪A61387D,45.14,42.88,2.26
796,江苏曹庄站-江苏曹庄站,CQ26021794,2025/12/22 15:43,沪A61387D,45.14,42.88,2.26
797,江苏瓜洲站-江苏上党站,CQ26021784,2025/12/22 19:26,沪A61387D,151.45,143.81,7.64
798,浙江仁和站-上海凌海路站,CQ26022579,2025/11/27 23:22,沪A87133D,143.38,135.56,7.82
799,浙江仁和站-上海凌海路站,CQ26021414,2025/12/26 16:01,沪A63677D,143.38,135.56,7.82
800,浙江凤桥站-上海凌海路站,CQ26021220,2025/11/7 23:38,沪A75060D,75.6,66.02,9.58
801,浙江嘉兴东站-G1503凌海路,CQ26022553,2025/11/28 17:13,沪A73689D,139.33,50.22,89.11
802,浙江屠甸站-上海蕰川路站,CQ26021889,2025/12/16 17:15,沪A62127D,76.94,76.21,0.73
803,浙江屠甸站-上海蕰川路站,CQ26021618,2025/12/22 16:11,沪A87133D,76.94,76.21,0.73
804,浙江屠甸站-上海蕰川路站,CQ26021498,2025/12/24 22:30,沪A61221D,76.94,76.21,0.73
805,浙江屠甸站-上海蕰川路站,CQ26021492,2025/12/25 1:55,沪A82920D,76.94,76.21,0.73
806,浙江屠甸站-上海蕰川路站,CQ26024052,2025/12/27 18:01,沪A69190D,76.94,76.21,0.73
807,浙江屠甸站-上海蕰川路站,CQ26023992,2025/12/29 13:45,沪A82920D,76.94,76.21,0.73
808,浙江屠甸站-上海蕰川路站,CQ26023911,2025/12/30 15:19,沪A62127D,76.94,76.21,0.73
809,浙江屠甸站-上海蕰川路站,CQ26022357,2025/12/5 16:58,沪A62127D,76.94,76.21,0.73
810,浙江屠甸站-上海蕰川路站,CQ26023210,2026/1/14 18:24,沪A67278D,76.94,76.21,0.73
811,浙江屠甸站-上海蕰川路站,CQ26022965,2026/1/20 22:25,沪A67278D,76.94,76.21,0.73
812,浙江屠甸站-上海蕰川路站,CQ26023667,2026/1/3 22:39,沪A62127D,76.94,76.21,0.73
813,浙江屠甸站-上海蕰川路站,CQ26023494,2026/1/7 11:59,沪A61235D,76.94,76.21,0.73
814,浙江屠甸站-上海蕰川路站,CQ26023467,2026/1/8 13:15,沪A63677D,76.94,76.21,0.73
815,浙江屠甸站-上海蕰川路站,CQ26023420,2026/1/9 21:46,沪A69190D,76.94,76.21,0.73
816,浙江屠甸站-上海蕰川路站,CQ26030327,2026/2/25 18:17,沪A63677D,76.94,76.21,0.73
817,浙江屠甸站-上海蕰川路站,CQ26030277,2026/2/27 5:40,沪A61221D,76.94,76.21,0.73
818,浙江屠甸站-上海蕰川路站,CQ26030042,2026/3/4 17:19,沪A82920D,76.94,76.21,0.73
819,浙江屠甸站-浙江马家浜站,CQ26022098,2025/12/15 20:59,沪A67687D,23.45,21.5,1.95
820,浙江新仓(独山港东)站-上海高东站,CQ26022912,2026/1/21 19:37,沪A61235D,97.95,36.73,61.22
821,浙江新仓(独山港东)站-上海高东站,CQ26021170,2025/11/13 8:55,沪A67687D,46.93,36.73,10.2
822,浙江新仓(独山港东)站-上海高东站,CQ26023865,2025/12/31 11:27,沪A61221D,46.93,36.73,10.2
823,浙江新仓(独山港东)站-上海高东站,CQ26023232,2026/1/14 1:52,沪A93192D,46.93,36.73,10.2
824,浙江新仓(独山港东)站-上海高东站,CQ26022884,2026/1/22 12:38,沪A63677D,46.93,36.73,10.2
825,浙江新仓(独山港东)站-上海高东站,CQ26022881,2026/1/22 12:41,沪A61235D,46.93,36.73,10.2
826,浙江新仓(独山港东)站-上海高东站,CQ26022867,2026/1/22 18:13,沪A65131D,46.93,36.73,10.2
827,浙江新仓(独山港东)站-上海高东站,CQ26022866,2026/1/22 20:40,沪A61221D,46.93,36.73,10.2
828,浙江新仓(独山港东)站-上海高东站,CQ26022844,2026/1/23 8:09,沪A31501D,46.93,36.73,10.2
829,浙江新仓(独山港东)站-上海高东站,CQ26022640,2026/1/26 12:43,沪A63677D,46.93,36.73,10.2
830,浙江泗安站-浙江姚庄站,CQ26022006,2025/12/17 21:38,沪EF3165,135.32,133.63,1.69
831,浙江泗安站-浙江姚庄站,CQ26022370,2025/12/9 5:57,沪EF3165,135.32,133.63,1.69
832,浙江湖州北站-浙江姚庄站,CQ26022369,2025/12/9 6:10,沪A62758D,97.96,97.15,0.81
833,浙江湖州南鹿山站-安徽芜湖主线站,CQ26021654,2025/12/25 20:32,沪A63183D,346.13,343.31,2.82
834,浙江王江泾(嘉兴北)站-上海凌海路站,CQ26021032,2025/11/22 3:59,沪A61387D,67.45,55.33,12.12
835,浙江王江泾(嘉兴北)站-上海同济高架路站,CQ26021058,2025/11/21 6:25,沪A67687D,67.45,55.33,12.12
836,浙江王江泾(嘉兴北)站-上海蕰川路站,CQ26022392,2025/12/4 4:38,沪A69190D,71.19,55.33,15.86
837,浙江王江泾(嘉兴北)站-上海蕰川路站,CQ26021053,2025/11/21 8:49,沪A61387D,67.45,55.33,12.12
838,浙江王江泾(嘉兴北)站-浙江长兴站,CQ26030127,2026/3/6 7:25,沪A31501D,98.89,85.54,13.35
839,浙江秀州(嘉兴西)站-上海沪翔高速站,CQ26020950,2025/11/25 18:44,沪FA9708,89.06,67.27,21.79
840,浙江秀洲(嘉兴西)站-G1503凌海路,CQ26020846,2025/10/22 18:05,沪A61387D,160.17,67.27,92.9
841,浙江秀洲(嘉兴西)站-上海同济高架路站,CQ26030155,2026/3/4 16:11,沪A62127D,189.83,67.27,122.56
842,浙江秀洲(嘉兴西)站-上海同济高架路站,CQ26030100,2026/3/5 19:04,沪A62127D,179.7,67.27,112.43
843,浙江长兴站-浙江南浔站,CQ26020878,2025/10/23 15:26,沪A87133D,46.89,46.65,0.24
844,浙江马家浜站-G1503凌海路,CQ26021463,2025/12/25 17:48,沪A72605D,71.54,68.62,2.92
845,浙江马家浜站-上海凌海路站,CQ26021334,2025/10/30 19:15,沪A72605D,164.44,68.62,95.82
846,浙江马家浜站-上海凌海路站,CQ26021375,2025/10/27 19:16,沪A61387D,92.81,68.62,24.19
847,浙江马家浜站-上海凌海路站,CQ26021379,2025/10/27 15:32,沪A67687D,71.54,68.62,2.92
848,浙江马家浜站-上海凌海路站,CQ26021376,2025/10/27 19:47,沪A72605D,71.54,68.62,2.92
849,浙江马家浜站-上海凌海路站,CQ26021377,2025/10/27 20:27,沪A75060D,71.54,68.62,2.92
850,浙江马家浜站-上海凌海路站,CQ26021335,2025/10/30 17:42,沪A75060D,71.54,68.62,2.92
851,浙江马家浜站-上海凌海路站,CQ26021221,2025/11/7 19:24,沪A72605D,71.54,68.62,2.92
852,浙江马家浜站-上海凌海路站,CQ26024065,2025/12/27 13:34,沪A72605D,71.54,68.62,2.92
853,浙江马家浜站-上海凌海路站,CQ26023170,2026/1/16 18:40,沪A72605D,71.54,68.62,2.92
854,镇扬汽渡-镇扬汽渡,CQ26020889,2025/10/20 14:10,沪A87133D,75.23,65.2,10.03
855,镇扬汽渡-镇扬汽渡,CQ26021724,2025/12/22 19:11,沪A69171D,70.21,65.2,5.01
856,骥江轮渡停车场-骥江轮渡停车场,CQ26023753,2026/1/6 16:58,沪A73689D,130.39,90.27,40.12
857,骥江轮渡停车场-骥江轮渡停车场,CQ26030079,2026/3/7 18:32,沪GE7293,105.32,90.27,15.05
858,骥江轮渡停车场-骥江轮渡停车场,CQ26024043,2026/1/1 14:21,沪A62758D,100.3,90.27,10.03
859,骥江轮渡停车场-骥江轮渡停车场,CQ26023979,2026/1/2 18:27,沪A67253D,100.3,90.27,10.03
860,骥江轮渡停车场-骥江轮渡停车场,CQ26030335,2026/3/1 17:25,沪A69171D,100.3,90.27,10.03
861,骥江轮渡停车场-骥江轮渡停车场,CQ26021719,2025/12/24 10:31,沪A67858D,95.29,90.27,5.02
862,骥江轮渡停车场-骥江轮渡停车场,CQ26024049,2026/1/1 12:32,沪GE7293,95.29,90.27,5.02
863,骥江轮渡停车场-骥江轮渡停车场,CQ26030342,2026/3/1 14:35,沪A62758D,95.29,90.27,5.02
864,骥江轮渡停车场-骥江轮渡停车场,CQ26030329,2026/3/1 19:11,沪A73689D,95.29,90.27,5.02
865,骥江轮渡停车场-骥江轮渡停车场,CQ26030302,2026/3/2 17:43,沪GE7293,95.29,90.27,5.02
866,骥江轮渡停车场-骥江轮渡停车场,CQ26030297,2026/3/2 22:56,沪A63183D,95.29,90.27,5.02
